<?xml version = '1.0' encoding = 'UTF-8'?>
<FKIndexAssociation class="oracle.dbtools.crest.model.design.relational.FKIndexAssociation" directorySegmentName="seg_0" id="70E18A5E-A885-8AFE-E10A-376DF59A5FA2" containerWithKeyObject="AEAAD3A0-AF37-7B15-BAAC-8E8574889836" localFKIndex="552ED581-2096-B756-E926-FD97C8A1A0BD" name="CONTA_BANCOS_FK">
<createdBy>logonrmlocal</createdBy>
<createdTime>2022-04-29 14:14:20 UTC</createdTime>
<generatorID>5FCBED3D-BEFF-BFEF-E4A6-91143E6AFACB</generatorID>
<ownerDesignName>BANCOS</ownerDesignName>
<referredTableLongName>BANCOS</referredTableLongName>
<deleteRule>NO ACTION</deleteRule>
<referredTableID>F7BB0792-81B2-02E3-62CB-A12BEA215D50</referredTableID>
<keyObject>A8DBAEC9-CCA9-8250-9095-CF07F7F14BA4</keyObject>
<referredKeyID>A8DBAEC9-CCA9-8250-9095-CF07F7F14BA4</referredKeyID>
<mandatory>true</mandatory>
<refColNames>NR_BANCO</refColNames>
<transferable>true</transferable>
<rely>false</rely>
<columnDependencyConstraintGenerateInDDL>true</columnDependencyConstraintGenerateInDDL>
</FKIndexAssociation>