<?xml version = '1.0' encoding = 'UTF-8'?>
<Entity class="oracle.dbtools.crest.model.design.logical.Entity" directorySegmentName="seg_0" id="72817E6F-CE25-B8EC-DFB0-2C57DC12EEF0" name="CURSOS_INSTRUTORES">
<createdBy>logonrmlocal</createdBy>
<createdTime>2022-05-13 14:33:45 UTC</createdTime>
<ownerDesignName>Alunos_Cursos</ownerDesignName>
<engineerTo>
<item key="70CA3B34-4689-4DFA-E26D-47E2F708C369" value="true"/>
</engineerTo>
<adequatelyNormalized>NO</adequatelyNormalized>
<expectedVolumes>0</expectedVolumes>
<fwdEngineeringStrategyName>Single Table</fwdEngineeringStrategyName>
<growthPercent>0</growthPercent>
<growthType>Year</growthType>
<maxVolumes>9999999</maxVolumes>
<minVolumes>0</minVolumes>
<normalForm>Third</normalForm>
<attributes itemClass="oracle.dbtools.crest.model.design.logical.Attribute">
<Attribute name="codigo_curso" id="1EEA79D2-85A2-0044-33B5-F149C67B6E61">
<createdBy>logonrmlocal</createdBy>
<createdTime>2022-05-13 14:34:10 UTC</createdTime>
<generatorID>FE435DD1-F2C6-03B8-5FD4-4C71AED98A88</generatorID>
<ownerDesignName>Alunos_Cursos</ownerDesignName>
<engineerTo>
<item key="70CA3B34-4689-4DFA-E26D-47E2F708C369" value="true"/>
</engineerTo>
<referedAttribute>41603518-9343-D592-B011-C4BECC418C8E</referedAttribute>
<useDomainConstraints>false</useDomainConstraints>
<use>1</use>
<logicalDatatype>LOGDT019</logicalDatatype>
<dataTypePrecision>5</dataTypePrecision>
<ownDataTypeParameters>,,</ownDataTypeParameters>
</Attribute>
<Attribute name="cod_instrutor" id="00EBD79A-90F9-2F93-6662-95359EEFD770">
<createdBy>logonrmlocal</createdBy>
<createdTime>2022-05-13 14:34:22 UTC</createdTime>
<generatorID>B753C564-7E5C-2186-FC8F-2AE060091A2D</generatorID>
<ownerDesignName>Alunos_Cursos</ownerDesignName>
<engineerTo>
<item key="70CA3B34-4689-4DFA-E26D-47E2F708C369" value="true"/>
</engineerTo>
<referedAttribute>E58FE52E-3051-9B39-B0C9-F78C54D225EA</referedAttribute>
<useDomainConstraints>false</useDomainConstraints>
<use>1</use>
<logicalDatatype>LOGDT019</logicalDatatype>
<dataTypePrecision>5</dataTypePrecision>
<ownDataTypeParameters>,,</ownDataTypeParameters>
</Attribute>
</attributes>
<identifiers itemClass="oracle.dbtools.crest.model.design.logical.CandidateKey">
<identifier id="1F79AB81-2778-8F0D-9F17-379D809B088E" name="CURSOS_INSTRUTORES PK">
<createdBy>logonrmlocal</createdBy>
<createdTime>2022-05-13 14:34:27 UTC</createdTime>
<ownerDesignName>Alunos_Cursos</ownerDesignName>
<engineerTo>
<item key="70CA3B34-4689-4DFA-E26D-47E2F708C369" value="true"/>
</engineerTo>
<pk>true</pk>
<usedAttributes>
<attributeRef>00EBD79A-90F9-2F93-6662-95359EEFD770</attributeRef>
<attributeRef>1EEA79D2-85A2-0044-33B5-F149C67B6E61</attributeRef>
</usedAttributes>
</identifier>
</identifiers>
</Entity>