<?xml version = '1.0' encoding = 'UTF-8'?>
<Entity class="oracle.dbtools.crest.model.design.logical.Entity" directorySegmentName="seg_0" id="7F1C2B9A-3F06-B829-B2B7-F312487F7E96" name="ALUNOS">
<createdBy>logonpflocal</createdBy>
<createdTime>2022-05-03 23:30:58 UTC</createdTime>
<ownerDesignName>Alunos_Cursos</ownerDesignName>
<engineerTo>
<item key="70CA3B34-4689-4DFA-E26D-47E2F708C369" value="true"/>
</engineerTo>
<adequatelyNormalized>NO</adequatelyNormalized>
<expectedVolumes>0</expectedVolumes>
<fwdEngineeringStrategyName>Single Table</fwdEngineeringStrategyName>
<growthPercent>0</growthPercent>
<growthType>Year</growthType>
<maxVolumes>9999999</maxVolumes>
<minVolumes>0</minVolumes>
<normalForm>Third</normalForm>
<attributes itemClass="oracle.dbtools.crest.model.design.logical.Attribute">
<Attribute name="cod_aluno" id="5D5BC0BD-FB90-2A17-F16C-0668668871DA">
<createdBy>logonpflocal</createdBy>
<createdTime>2022-05-03 23:31:06 UTC</createdTime>
<ownerDesignName>Alunos_Cursos</ownerDesignName>
<engineerTo>
<item key="70CA3B34-4689-4DFA-E26D-47E2F708C369" value="true"/>
</engineerTo>
<useDomainConstraints>false</useDomainConstraints>
<use>1</use>
<logicalDatatype>LOGDT019</logicalDatatype>
<dataTypePrecision>5</dataTypePrecision>
<ownDataTypeParameters>,5,</ownDataTypeParameters>
</Attribute>
<Attribute name="nome" id="79202280-2790-567F-8883-B90EB3446FE5">
<createdBy>logonpflocal</createdBy>
<createdTime>2022-05-03 23:31:20 UTC</createdTime>
<ownerDesignName>Alunos_Cursos</ownerDesignName>
<engineerTo>
<item key="70CA3B34-4689-4DFA-E26D-47E2F708C369" value="true"/>
</engineerTo>
<useDomainConstraints>false</useDomainConstraints>
<use>1</use>
<logicalDatatype>LOGDT024</logicalDatatype>
<dataTypeSize>100</dataTypeSize>
<ownDataTypeParameters>100,,</ownDataTypeParameters>
</Attribute>
<Attribute name="sobrenome" id="732DD5EE-DAFA-B956-313B-E0C5E3168C6B">
<createdBy>logonpflocal</createdBy>
<createdTime>2022-05-03 23:31:31 UTC</createdTime>
<ownerDesignName>Alunos_Cursos</ownerDesignName>
<engineerTo>
<item key="70CA3B34-4689-4DFA-E26D-47E2F708C369" value="true"/>
</engineerTo>
<useDomainConstraints>false</useDomainConstraints>
<use>1</use>
<logicalDatatype>LOGDT024</logicalDatatype>
<dataTypeSize>100</dataTypeSize>
<ownDataTypeParameters>100,,</ownDataTypeParameters>
</Attribute>
</attributes>
<identifiers itemClass="oracle.dbtools.crest.model.design.logical.CandidateKey">
<identifier id="A431BA1B-7191-F0FC-3604-B762AE5D7662" name="ALUNOS PK">
<createdBy>logonpflocal</createdBy>
<createdTime>2022-05-03 23:31:19 UTC</createdTime>
<ownerDesignName>Alunos_Cursos</ownerDesignName>
<engineerTo>
<item key="70CA3B34-4689-4DFA-E26D-47E2F708C369" value="true"/>
</engineerTo>
<pk>true</pk>
<usedAttributes>
<attributeRef>5D5BC0BD-FB90-2A17-F16C-0668668871DA</attributeRef>
</usedAttributes>
</identifier>
</identifiers>
</Entity>