<?xml version = '1.0' encoding = 'UTF-8'?>
<Entity class="oracle.dbtools.crest.model.design.logical.Entity" directorySegmentName="seg_0" id="B874B9E0-0A3F-38D6-D3A2-D21077CDE720" name="Departamento">
<createdBy>logonrmlocal</createdBy>
<createdTime>2022-05-13 14:12:01 UTC</createdTime>
<ownerDesignName>Alunos_Cursos</ownerDesignName>
<engineerTo>
<item key="70CA3B34-4689-4DFA-E26D-47E2F708C369" value="true"/>
</engineerTo>
<adequatelyNormalized>NO</adequatelyNormalized>
<expectedVolumes>0</expectedVolumes>
<fwdEngineeringStrategyName>Single Table</fwdEngineeringStrategyName>
<growthPercent>0</growthPercent>
<growthType>Year</growthType>
<maxVolumes>9999999</maxVolumes>
<minVolumes>0</minVolumes>
<normalForm>Third</normalForm>
<attributes itemClass="oracle.dbtools.crest.model.design.logical.Attribute">
<Attribute name="codigo_departamento" id="121A4B8E-93C0-94AB-8505-95B4C3A23F76">
<createdBy>logonrmlocal</createdBy>
<createdTime>2022-05-13 14:12:19 UTC</createdTime>
<ownerDesignName>Alunos_Cursos</ownerDesignName>
<engineerTo>
<item key="70CA3B34-4689-4DFA-E26D-47E2F708C369" value="true"/>
</engineerTo>
<useDomainConstraints>false</useDomainConstraints>
<use>1</use>
<logicalDatatype>LOGDT019</logicalDatatype>
<dataTypePrecision>5</dataTypePrecision>
<ownDataTypeParameters>,5,</ownDataTypeParameters>
</Attribute>
<Attribute name="nome_departamento" id="4544DA57-FECA-C3C5-311A-B0F9971AD947">
<createdBy>logonrmlocal</createdBy>
<createdTime>2022-05-13 14:31:51 UTC</createdTime>
<ownerDesignName>Alunos_Cursos</ownerDesignName>
<engineerTo>
<item key="70CA3B34-4689-4DFA-E26D-47E2F708C369" value="true"/>
</engineerTo>
<use>0</use>
<ownDataTypeParameters>,,</ownDataTypeParameters>
</Attribute>
<Attribute name="cod_instrutor" id="08213D11-0037-B2E3-E53E-C18E66B703F8">
<createdBy>logonrmlocal</createdBy>
<createdTime>2022-05-13 14:37:20 UTC</createdTime>
<generatorID>8C93F5F6-6436-35F2-9B68-0BE417CA4C30</generatorID>
<ownerDesignName>Alunos_Cursos</ownerDesignName>
<engineerTo>
<item key="70CA3B34-4689-4DFA-E26D-47E2F708C369" value="true"/>
</engineerTo>
<referedAttribute>E58FE52E-3051-9B39-B0C9-F78C54D225EA</referedAttribute>
<useDomainConstraints>false</useDomainConstraints>
<use>1</use>
<logicalDatatype>LOGDT019</logicalDatatype>
<dataTypePrecision>5</dataTypePrecision>
<ownDataTypeParameters>,,</ownDataTypeParameters>
</Attribute>
</attributes>
<identifiers itemClass="oracle.dbtools.crest.model.design.logical.CandidateKey">
<identifier id="755B2031-DE23-8A3A-054A-73A7AA1F4D8D" name="Departamento PK">
<createdBy>logonrmlocal</createdBy>
<createdTime>2022-05-13 14:12:31 UTC</createdTime>
<ownerDesignName>Alunos_Cursos</ownerDesignName>
<engineerTo>
<item key="70CA3B34-4689-4DFA-E26D-47E2F708C369" value="true"/>
</engineerTo>
<pk>true</pk>
<usedAttributes>
<attributeRef>121A4B8E-93C0-94AB-8505-95B4C3A23F76</attributeRef>
</usedAttributes>
</identifier>
</identifiers>
</Entity>