<?xml version = '1.0' encoding = 'UTF-8'?>
<Table class="oracle.dbtools.crest.model.design.relational.Table" directorySegmentName="seg_0" id="AEAAD3A0-AF37-7B15-BAAC-8E8574889836" name="CONTA">
<createdBy>logonrmlocal</createdBy>
<createdTime>2022-04-29 14:14:20 UTC</createdTime>
<generatorID>1AE83A29-ACFA-03E4-33B0-3DAB86ABB7B7</generatorID>
<ownerDesignName>BANCOS</ownerDesignName>
<allowColumnReorder>false</allowColumnReorder>
<existDependencyGenerateInDDl>true</existDependencyGenerateInDDl>
<parsed>true</parsed>
<columns itemClass="oracle.dbtools.crest.model.design.relational.Column">
<Column name="NR_CONTA" id="A350B397-DA68-8C60-B9EA-65AEE8C5215C">
<createdBy>logonrmlocal</createdBy>
<createdTime>2022-04-29 14:14:20 UTC</createdTime>
<generatorID>F5BFCDE3-1A27-213C-958E-2E3D9C586A8D</generatorID>
<ownerDesignName>BANCOS</ownerDesignName>
<useDomainConstraints>false</useDomainConstraints>
<use>1</use>
<logicalDatatype>LOGDT019</logicalDatatype>
<dataTypePrecision>5</dataTypePrecision>
<ownDataTypeParameters>,5,</ownDataTypeParameters>
<autoIncrementCycle>false</autoIncrementCycle>
</Column>
<Column name="DATA_DE_ABERTURA" id="00784B50-7627-FA18-6248-304CE265516E">
<createdBy>logonrmlocal</createdBy>
<createdTime>2022-04-29 14:14:20 UTC</createdTime>
<generatorID>E8CF1C02-C0F6-0D7E-EA26-4BA125276DE7</generatorID>
<ownerDesignName>BANCOS</ownerDesignName>
<useDomainConstraints>false</useDomainConstraints>
<use>1</use>
<logicalDatatype>LOGDT007</logicalDatatype>
<ownDataTypeParameters>,,</ownDataTypeParameters>
<autoIncrementCycle>false</autoIncrementCycle>
</Column>
<Column name="NR_BANCO" id="0423E469-42B9-F568-CCB9-FF3943D117AF">
<createdBy>logonrmlocal</createdBy>
<createdTime>2022-04-29 14:14:20 UTC</createdTime>
<generatorID>633F8B9B-DAF7-AD2B-0C85-C2D675ECDD77</generatorID>
<ownerDesignName>BANCOS</ownerDesignName>
<useDomainConstraints>false</useDomainConstraints>
<use>1</use>
<logicalDatatype>LOGDT019</logicalDatatype>
<dataTypePrecision>5</dataTypePrecision>
<ownDataTypeParameters>,,</ownDataTypeParameters>
<previousColumn>false</previousColumn>
<autoIncrementCycle>false</autoIncrementCycle>
<associations>
<colAssociation fkAssociation="70E18A5E-A885-8AFE-E10A-376DF59A5FA2" referredColumn="652AF61F-E860-E624-9764-C3F642C4119C"/>
</associations>
</Column>
</columns>
<indexes itemClass="oracle.dbtools.crest.model.design.relational.Index">
<ind_PK_UK id="5C3EFBA8-FB55-057E-75A0-828BCD81F75C" name="CONTA_PK">
<createdBy>logonrmlocal</createdBy>
<createdTime>2022-04-29 14:14:20 UTC</createdTime>
<generatorID>166DA1D2-ED1A-6EA6-38C4-9B5B3BFC4213</generatorID>
<ownerDesignName>BANCOS</ownerDesignName>
<pk>true</pk>
<indexState>Primary Constraint</indexState>
<isSurrogateKey>false</isSurrogateKey>
<indexColumnUsage>
<colUsage columnID="A350B397-DA68-8C60-B9EA-65AEE8C5215C"/>
</indexColumnUsage>
</ind_PK_UK>
<ind_PK_UK id="552ED581-2096-B756-E926-FD97C8A1A0BD" name="CONTA_BANCOS_FK">
<createdBy>logonrmlocal</createdBy>
<createdTime>2022-04-29 14:14:20 UTC</createdTime>
<generatorID>5FCBED3D-BEFF-BFEF-E4A6-91143E6AFACB</generatorID>
<ownerDesignName>BANCOS</ownerDesignName>
<indexState>Foreign Key</indexState>
<isSurrogateKey>false</isSurrogateKey>
<indexColumnUsage>
<colUsage columnID="0423E469-42B9-F568-CCB9-FF3943D117AF"/>
</indexColumnUsage>
</ind_PK_UK>
</indexes>
</Table>