<?xml version = '1.0' encoding = 'UTF-8'?>
<Table class="oracle.dbtools.crest.model.design.relational.Table" directorySegmentName="seg_0" id="F7BB0792-81B2-02E3-62CB-A12BEA215D50" name="BANCOS">
<createdBy>logonrmlocal</createdBy>
<createdTime>2022-04-29 14:14:20 UTC</createdTime>
<generatorID>407AFADE-5250-CA43-7AA2-D285D23C6460</generatorID>
<ownerDesignName>BANCOS</ownerDesignName>
<allowColumnReorder>false</allowColumnReorder>
<existDependencyGenerateInDDl>true</existDependencyGenerateInDDl>
<parsed>true</parsed>
<columns itemClass="oracle.dbtools.crest.model.design.relational.Column">
<Column name="NR_BANCO" id="652AF61F-E860-E624-9764-C3F642C4119C">
<createdBy>logonrmlocal</createdBy>
<createdTime>2022-04-29 14:14:20 UTC</createdTime>
<generatorID>03304185-7E57-64F2-AF5C-42A187F83F5D</generatorID>
<ownerDesignName>BANCOS</ownerDesignName>
<useDomainConstraints>false</useDomainConstraints>
<use>1</use>
<logicalDatatype>LOGDT019</logicalDatatype>
<dataTypePrecision>5</dataTypePrecision>
<ownDataTypeParameters>,5,</ownDataTypeParameters>
<autoIncrementCycle>false</autoIncrementCycle>
</Column>
<Column name="NOME" id="D1EC00AB-1E39-8DDE-2780-7B21AAE3ECB3">
<createdBy>logonrmlocal</createdBy>
<createdTime>2022-04-29 14:14:20 UTC</createdTime>
<generatorID>80745044-32E2-18EC-BE36-CC22E45CDEA1</generatorID>
<ownerDesignName>BANCOS</ownerDesignName>
<useDomainConstraints>false</useDomainConstraints>
<use>1</use>
<logicalDatatype>LOGDT024</logicalDatatype>
<dataTypeSize>100</dataTypeSize>
<ownDataTypeParameters>100,,</ownDataTypeParameters>
<autoIncrementCycle>false</autoIncrementCycle>
</Column>
</columns>
<indexes itemClass="oracle.dbtools.crest.model.design.relational.Index">
<ind_PK_UK id="A8DBAEC9-CCA9-8250-9095-CF07F7F14BA4" name="BANCOS_PK">
<createdBy>logonrmlocal</createdBy>
<createdTime>2022-04-29 14:14:20 UTC</createdTime>
<generatorID>9058C066-5E1D-DF98-3533-9DA1BE316D41</generatorID>
<ownerDesignName>BANCOS</ownerDesignName>
<pk>true</pk>
<indexState>Primary Constraint</indexState>
<isSurrogateKey>false</isSurrogateKey>
<indexColumnUsage>
<colUsage columnID="652AF61F-E860-E624-9764-C3F642C4119C"/>
</indexColumnUsage>
</ind_PK_UK>
</indexes>
</Table>