<?xml version = '1.0' encoding = 'UTF-8'?>
<Entity class="oracle.dbtools.crest.model.design.logical.Entity" directorySegmentName="seg_0" id="4FB1310B-5901-195B-0092-8CB9CBB9A98E" name="SITUACAO_EMPRESTIMO">
<createdBy>logonrmlocal</createdBy>
<createdTime>2022-04-01 14:34:40 UTC</createdTime>
<ownerDesignName>LIVROS</ownerDesignName>
<engineerTo>
<item key="F90B14D0-E443-96BD-E1F3-59DF7B40470E" value="true"/>
</engineerTo>
<adequatelyNormalized>NO</adequatelyNormalized>
<expectedVolumes>0</expectedVolumes>
<fwdEngineeringStrategyName>Single Table</fwdEngineeringStrategyName>
<growthPercent>0</growthPercent>
<growthType>Year</growthType>
<maxVolumes>9999999</maxVolumes>
<minVolumes>0</minVolumes>
<normalForm>Third</normalForm>
<attributes itemClass="oracle.dbtools.crest.model.design.logical.Attribute">
<Attribute name="COD_SITUACAO" id="667F14C8-CE54-DCD8-A716-51CEDC22D5D8">
<createdBy>logonrmlocal</createdBy>
<createdTime>2022-04-01 14:39:00 UTC</createdTime>
<ownerDesignName>LIVROS</ownerDesignName>
<engineerTo>
<item key="F90B14D0-E443-96BD-E1F3-59DF7B40470E" value="true"/>
</engineerTo>
<use>0</use>
<ownDataTypeParameters>,,</ownDataTypeParameters>
</Attribute>
<Attribute name="PENDENTE" id="8BFCA991-64E4-52FE-2953-6CC8B661708D">
<createdBy>logonrmlocal</createdBy>
<createdTime>2022-04-01 14:39:06 UTC</createdTime>
<ownerDesignName>LIVROS</ownerDesignName>
<engineerTo>
<item key="F90B14D0-E443-96BD-E1F3-59DF7B40470E" value="true"/>
</engineerTo>
<use>0</use>
<ownDataTypeParameters>,,</ownDataTypeParameters>
</Attribute>
<Attribute name="ATRASADO" id="32CD4CDF-112B-215B-2132-9352BFF3F95F">
<createdBy>logonrmlocal</createdBy>
<createdTime>2022-04-01 14:39:13 UTC</createdTime>
<ownerDesignName>LIVROS</ownerDesignName>
<engineerTo>
<item key="F90B14D0-E443-96BD-E1F3-59DF7B40470E" value="true"/>
</engineerTo>
<use>0</use>
<ownDataTypeParameters>,,</ownDataTypeParameters>
</Attribute>
<Attribute name="DEVOLVIDO" id="C364B084-3161-BDD9-52B4-F651205F1D6D">
<createdBy>logonrmlocal</createdBy>
<createdTime>2022-04-01 14:39:19 UTC</createdTime>
<ownerDesignName>LIVROS</ownerDesignName>
<engineerTo>
<item key="F90B14D0-E443-96BD-E1F3-59DF7B40470E" value="true"/>
</engineerTo>
<use>0</use>
<ownDataTypeParameters>,,</ownDataTypeParameters>
</Attribute>
<Attribute name="DATA_EMPRESTIMO" id="E39AFBC2-83CC-D926-C27C-B58DB4F0A23F">
<createdBy>logonrmlocal</createdBy>
<createdTime>2022-04-01 14:42:33 UTC</createdTime>
<ownerDesignName>LIVROS</ownerDesignName>
<engineerTo>
<item key="F90B14D0-E443-96BD-E1F3-59DF7B40470E" value="true"/>
</engineerTo>
<use>0</use>
<ownDataTypeParameters>,,</ownDataTypeParameters>
</Attribute>
</attributes>
<identifiers itemClass="oracle.dbtools.crest.model.design.logical.CandidateKey">
<identifier id="A764118D-2A3A-4456-72A7-C62A257053FE" name="SITUACAO_EMPRESTIMO PK">
<createdBy>logonrmlocal</createdBy>
<createdTime>2022-04-01 14:39:05 UTC</createdTime>
<ownerDesignName>LIVROS</ownerDesignName>
<engineerTo>
<item key="F90B14D0-E443-96BD-E1F3-59DF7B40470E" value="true"/>
</engineerTo>
<pk>true</pk>
<usedAttributes>
<attributeRef>667F14C8-CE54-DCD8-A716-51CEDC22D5D8</attributeRef>
</usedAttributes>
</identifier>
</identifiers>
</Entity>