<?xml version = '1.0' encoding = 'UTF-8'?>
<Entity class="oracle.dbtools.crest.model.design.logical.Entity" directorySegmentName="seg_0" id="8FDCB93F-9190-33B1-8E6F-338C6ECC0570" name="AUTORES">
<createdBy>logonrmlocal</createdBy>
<createdTime>2022-04-01 14:33:16 UTC</createdTime>
<ownerDesignName>LIVROS</ownerDesignName>
<engineerTo>
<item key="F90B14D0-E443-96BD-E1F3-59DF7B40470E" value="true"/>
</engineerTo>
<adequatelyNormalized>NO</adequatelyNormalized>
<expectedVolumes>0</expectedVolumes>
<fwdEngineeringStrategyName>Single Table</fwdEngineeringStrategyName>
<growthPercent>0</growthPercent>
<growthType>Year</growthType>
<maxVolumes>9999999</maxVolumes>
<minVolumes>0</minVolumes>
<normalForm>Third</normalForm>
<attributes itemClass="oracle.dbtools.crest.model.design.logical.Attribute">
<Attribute name="NOME_AUTOR" id="AE7B5865-DCEE-608D-08F6-1C7DC7E726E4">
<createdBy>logonrmlocal</createdBy>
<createdTime>2022-04-01 14:40:43 UTC</createdTime>
<ownerDesignName>LIVROS</ownerDesignName>
<engineerTo>
<item key="F90B14D0-E443-96BD-E1F3-59DF7B40470E" value="true"/>
</engineerTo>
<use>0</use>
<ownDataTypeParameters>,,</ownDataTypeParameters>
</Attribute>
<Attribute name="OBRAS_AUTOR" id="F1B24191-2E6F-4085-48F3-386C5BEA1363">
<createdBy>logonrmlocal</createdBy>
<createdTime>2022-04-01 14:40:52 UTC</createdTime>
<ownerDesignName>LIVROS</ownerDesignName>
<engineerTo>
<item key="F90B14D0-E443-96BD-E1F3-59DF7B40470E" value="true"/>
</engineerTo>
<use>0</use>
<ownDataTypeParameters>,,</ownDataTypeParameters>
</Attribute>
</attributes>
<identifiers itemClass="oracle.dbtools.crest.model.design.logical.CandidateKey">
<identifier id="3A375534-4411-EB76-5F0D-C5554B7FE6D1" name="AUTORES PK">
<createdBy>logonrmlocal</createdBy>
<createdTime>2022-04-01 14:40:50 UTC</createdTime>
<ownerDesignName>LIVROS</ownerDesignName>
<engineerTo>
<item key="F90B14D0-E443-96BD-E1F3-59DF7B40470E" value="true"/>
</engineerTo>
<pk>true</pk>
<usedAttributes>
<attributeRef>AE7B5865-DCEE-608D-08F6-1C7DC7E726E4</attributeRef>
</usedAttributes>
</identifier>
</identifiers>
</Entity>