<?xml version = '1.0' encoding = 'UTF-8'?>
<Diagram class="oracle.dbtools.crest.swingui.relational.DPVRelational" name="Relational_1" id="41B3C71D-709F-97B3-A562-20C810CE2356">
<createdBy>logonrmlocal</createdBy>
<modifiedBy>logonrmlocal</modifiedBy>
<createdTime>2022-05-06 13:55:56 UTC</createdTime>
<autoRoute>false</autoRoute>
<boxInbox>true</boxInbox>
<showLegend>false</showLegend>
<showLabels>false</showLabels>
<showRelAttributes>false</showRelAttributes>
<gridEnabled>false</gridEnabled>
<showGrid>false</showGrid>
<diagramColor>-1</diagramColor>
<display>false</display>
<notation>1</notation>
<objectViews>
<OView class="oracle.dbtools.crest.swingui.relational.TVTable" oid="2C090B9A-6AD7-73D8-3FFF-55F0854AEDF7" otype="Table" vid="2B03BB40-97DB-BF0C-C395-5CCC47211695">
<hideElementsInCurrentOnly>false</hideElementsInCurrentOnly>
<bounds x="535" y="45" width="212" height="74"/>
</OView>
<OView class="oracle.dbtools.crest.swingui.relational.TVTable" oid="3B330ED7-7E36-941A-84AF-82EE3E6DDD9C" otype="Table" vid="DC153F6D-13D1-986F-D0E5-B3B8D8862022">
<hideElementsInCurrentOnly>false</hideElementsInCurrentOnly>
<bounds x="262" y="43" width="211" height="74"/>
</OView>
<OView class="oracle.dbtools.crest.swingui.relational.TVTable" oid="821B8AB4-4D0D-6279-E5DC-F9D2D533E552" otype="Table" vid="19571131-D21B-C260-7326-2FC965EFFD24">
<hideElementsInCurrentOnly>false</hideElementsInCurrentOnly>
<bounds x="9" y="394" width="211" height="74"/>
</OView>
<OView class="oracle.dbtools.crest.swingui.relational.TVTable" oid="B1A8A451-E290-D776-29F1-D56777DDA4C2" otype="Table" vid="70F73148-26C3-E3B2-D1F7-152AF3022E41">
<hideElementsInCurrentOnly>false</hideElementsInCurrentOnly>
<bounds x="721" y="401" width="212" height="74"/>
</OView>
<OView class="oracle.dbtools.crest.swingui.relational.TVTable" oid="CC210EAA-8853-CB0D-8420-DF47FBB5E839" otype="Table" vid="2FD36361-55A2-B185-BACC-E10B75512A15">
<hideElementsInCurrentOnly>false</hideElementsInCurrentOnly>
<bounds x="277" y="375" width="393" height="108"/>
</OView>
<OView class="oracle.dbtools.crest.swingui.relational.TVTable" oid="DDD6EC69-A4D5-DB0D-FCEE-33904E2329B9" otype="Table" vid="B0E66B51-A35D-09D6-FE58-F84D2290E171">
<hideElementsInCurrentOnly>false</hideElementsInCurrentOnly>
<bounds x="343" y="199" width="375" height="108"/>
</OView>
</objectViews>
<connectors>
<Connector class="oracle.dbtools.crest.swingui.relational.TVFKRelation" oid="3BC0ACA2-49A2-4F3D-32BE-7B81DECF9103" otype="FKIndexAssociation" vid_source="2B03BB40-97DB-BF0C-C395-5CCC47211695" vid_target="B0E66B51-A35D-09D6-FE58-F84D2290E171">
<hideElementsInCurrentOnly>false</hideElementsInCurrentOnly>
<backgroundColor>-16777216</backgroundColor>
<lineWidth>1</lineWidth>
<points>
<point x="641" y="119"/>
<point x="641" y="199"/>
</points>
</Connector>
<Connector class="oracle.dbtools.crest.swingui.relational.TVFKRelation" oid="64F560E7-0A7B-046E-14F4-FE28CE6B5966" otype="FKIndexAssociation" vid_source="19571131-D21B-C260-7326-2FC965EFFD24" vid_target="2FD36361-55A2-B185-BACC-E10B75512A15">
<hideElementsInCurrentOnly>false</hideElementsInCurrentOnly>
<backgroundColor>-16777216</backgroundColor>
<lineWidth>1</lineWidth>
<points>
<point x="220" y="431"/>
<point x="277" y="431"/>
</points>
</Connector>
<Connector class="oracle.dbtools.crest.swingui.relational.TVFKRelation" oid="973182E5-F3A4-0E09-8265-CAA5E0AA94B5" otype="FKIndexAssociation" vid_source="DC153F6D-13D1-986F-D0E5-B3B8D8862022" vid_target="B0E66B51-A35D-09D6-FE58-F84D2290E171">
<hideElementsInCurrentOnly>false</hideElementsInCurrentOnly>
<backgroundColor>-16777216</backgroundColor>
<lineWidth>1</lineWidth>
<points>
<point x="408" y="117"/>
<point x="408" y="199"/>
</points>
</Connector>
<Connector class="oracle.dbtools.crest.swingui.relational.TVFKRelation" oid="DD30F8FE-096A-93D4-905A-572366B9E266" otype="FKIndexAssociation" vid_source="70F73148-26C3-E3B2-D1F7-152AF3022E41" vid_target="2FD36361-55A2-B185-BACC-E10B75512A15">
<hideElementsInCurrentOnly>false</hideElementsInCurrentOnly>
<backgroundColor>-16777216</backgroundColor>
<lineWidth>1</lineWidth>
<points>
<point x="721" y="438"/>
<point x="670" y="438"/>
</points>
</Connector>
</connectors>
</Diagram>