<?xml version = '1.0' encoding = 'UTF-8'?>
<RMExtendedMap class="oracle.dbtools.crest.model.xtdmapping.RMExtendedMap">
<mappings itemClass="oracle.dbtools.crest.model.xtdmapping.ContainerMapping">
<CM id="1AE83A29-3DAB86ABB7B7AEAAD3A0-8E8574889836" lID="1AE83A29-ACFA-03E4-33B0-3DAB86ABB7B7" lT="0" rID="AEAAD3A0-AF37-7B15-BAAC-8E8574889836" rT="4">
<containedMappings itemClass="oracle.dbtools.crest.model.xtdmapping.RelMapping">
<Mg id="166DA1D2-9B5B3BFC42135C3EFBA8-828BCD81F75C" lID="166DA1D2-ED1A-6EA6-38C4-9B5B3BFC4213" lT="2" rID="5C3EFBA8-FB55-057E-75A0-828BCD81F75C" rT="7">
</Mg>
<Mg id="E8CF1C02-4BA125276DE700784B50-304CE265516E" lID="E8CF1C02-C0F6-0D7E-EA26-4BA125276DE7" rID="00784B50-7627-FA18-6248-304CE265516E">
</Mg>
<Mg id="F5BFCDE3-2E3D9C586A8DA350B397-65AEE8C5215C" lID="F5BFCDE3-1A27-213C-958E-2E3D9C586A8D" rID="A350B397-DA68-8C60-B9EA-65AEE8C5215C">
</Mg>
</containedMappings>
</CM>
<CM id="407AFADE-D285D23C6460F7BB0792-A12BEA215D50" lID="407AFADE-5250-CA43-7AA2-D285D23C6460" lT="0" rID="F7BB0792-81B2-02E3-62CB-A12BEA215D50" rT="4">
<containedMappings itemClass="oracle.dbtools.crest.model.xtdmapping.RelMapping">
<Mg id="03304185-42A187F83F5D652AF61F-C3F642C4119C" lID="03304185-7E57-64F2-AF5C-42A187F83F5D" rID="652AF61F-E860-E624-9764-C3F642C4119C">
</Mg>
<Mg id="80745044-CC22E45CDEA1D1EC00AB-7B21AAE3ECB3" lID="80745044-32E2-18EC-BE36-CC22E45CDEA1" rID="D1EC00AB-1E39-8DDE-2780-7B21AAE3ECB3">
</Mg>
<Mg id="9058C066-9DA1BE316D41A8DBAEC9-CF07F7F14BA4" lID="9058C066-5E1D-DF98-3533-9DA1BE316D41" lT="2" rID="A8DBAEC9-CCA9-8250-9095-CF07F7F14BA4" rT="7">
</Mg>
</containedMappings>
</CM>
</mappings>
</RMExtendedMap>