<?xml version = '1.0' encoding = 'UTF-8'?>
<Table class="oracle.dbtools.crest.model.design.relational.Table" directorySegmentName="seg_0" id="2C090B9A-6AD7-73D8-3FFF-55F0854AEDF7" name="CURSOS">
<createdBy>logonrmlocal</createdBy>
<createdTime>2022-05-06 13:55:56 UTC</createdTime>
<generatorID>B231E9D0-8ABB-7EAC-DE60-99C6B556923A</generatorID>
<ownerDesignName>Alunos</ownerDesignName>
<allowColumnReorder>false</allowColumnReorder>
<existDependencyGenerateInDDl>true</existDependencyGenerateInDDl>
<parsed>true</parsed>
<columns itemClass="oracle.dbtools.crest.model.design.relational.Column">
<Column name="COD_CURSOS" id="D5F460A7-72ED-E753-B63F-D0E3F1CFCBE7">
<createdBy>logonrmlocal</createdBy>
<createdTime>2022-05-06 13:55:56 UTC</createdTime>
<generatorID>E947CB4A-BBBC-9E1B-33E0-A8ABFAE6B632</generatorID>
<ownerDesignName>Alunos</ownerDesignName>
<useDomainConstraints>false</useDomainConstraints>
<use>1</use>
<logicalDatatype>LOGDT019</logicalDatatype>
<dataTypePrecision>5</dataTypePrecision>
<ownDataTypeParameters>,5,</ownDataTypeParameters>
<autoIncrementCycle>false</autoIncrementCycle>
</Column>
<Column name="NOME" id="57934728-F2B7-E363-9741-62289804C906">
<createdBy>logonrmlocal</createdBy>
<createdTime>2022-05-06 13:55:56 UTC</createdTime>
<generatorID>A2F9E4D1-3AE6-97CB-045F-C372D4D9B181</generatorID>
<ownerDesignName>Alunos</ownerDesignName>
<useDomainConstraints>false</useDomainConstraints>
<use>1</use>
<logicalDatatype>LOGDT024</logicalDatatype>
<dataTypeSize>100</dataTypeSize>
<ownDataTypeParameters>100,,</ownDataTypeParameters>
<autoIncrementCycle>false</autoIncrementCycle>
</Column>
</columns>
<indexes itemClass="oracle.dbtools.crest.model.design.relational.Index">
<ind_PK_UK id="C5B8CCD8-4B68-348C-2924-9C71953B42AE" name="CURSOS_PK">
<createdBy>logonrmlocal</createdBy>
<createdTime>2022-05-06 13:55:56 UTC</createdTime>
<generatorID>AF0404C3-1DB0-7A77-9D71-4FB92E56B503</generatorID>
<ownerDesignName>Alunos</ownerDesignName>
<pk>true</pk>
<indexState>Primary Constraint</indexState>
<isSurrogateKey>false</isSurrogateKey>
<indexColumnUsage>
<colUsage columnID="D5F460A7-72ED-E753-B63F-D0E3F1CFCBE7"/>
</indexColumnUsage>
</ind_PK_UK>
</indexes>
</Table>