<?xml version = '1.0' encoding = 'UTF-8'?>
<Table class="oracle.dbtools.crest.model.design.relational.Table" directorySegmentName="seg_0" id="821B8AB4-4D0D-6279-E5DC-F9D2D533E552" name="ALUNOSv1">
<createdBy>logonrmlocal</createdBy>
<createdTime>2022-05-06 13:55:56 UTC</createdTime>
<generatorID>674C42F7-E510-2D24-2FB3-F626C20CAAC0</generatorID>
<ownerDesignName>Alunos</ownerDesignName>
<allowColumnReorder>false</allowColumnReorder>
<existDependencyGenerateInDDl>true</existDependencyGenerateInDDl>
<parsed>true</parsed>
<columns itemClass="oracle.dbtools.crest.model.design.relational.Column">
<Column name="COD_ALUNOS" id="DF7FB86F-A5BF-858E-0419-0F21283C45C0">
<createdBy>logonrmlocal</createdBy>
<createdTime>2022-05-06 13:55:56 UTC</createdTime>
<generatorID>3D78189D-CB08-19D0-01DE-C959BC753868</generatorID>
<ownerDesignName>Alunos</ownerDesignName>
<useDomainConstraints>false</useDomainConstraints>
<use>1</use>
<logicalDatatype>LOGDT019</logicalDatatype>
<dataTypePrecision>5</dataTypePrecision>
<ownDataTypeParameters>,5,</ownDataTypeParameters>
<autoIncrementCycle>false</autoIncrementCycle>
</Column>
<Column name="NOME" id="227D5507-E801-21DB-8F07-43C80BF8103A">
<createdBy>logonrmlocal</createdBy>
<createdTime>2022-05-06 13:55:56 UTC</createdTime>
<generatorID>4D87736A-6533-F978-A7AB-99ACA24A4863</generatorID>
<ownerDesignName>Alunos</ownerDesignName>
<useDomainConstraints>false</useDomainConstraints>
<use>1</use>
<logicalDatatype>LOGDT024</logicalDatatype>
<dataTypeSize>100</dataTypeSize>
<ownDataTypeParameters>100,,</ownDataTypeParameters>
<autoIncrementCycle>false</autoIncrementCycle>
</Column>
</columns>
<indexes itemClass="oracle.dbtools.crest.model.design.relational.Index">
<ind_PK_UK id="EB4F7534-F17D-0E23-430A-83DE495AAB03" name="ALUNOSv1_PK">
<createdBy>logonrmlocal</createdBy>
<createdTime>2022-05-06 13:55:56 UTC</createdTime>
<generatorID>4DF43695-9265-3486-B765-73877A77A336</generatorID>
<ownerDesignName>Alunos</ownerDesignName>
<pk>true</pk>
<indexState>Primary Constraint</indexState>
<isSurrogateKey>false</isSurrogateKey>
<indexColumnUsage>
<colUsage columnID="DF7FB86F-A5BF-858E-0419-0F21283C45C0"/>
</indexColumnUsage>
</ind_PK_UK>
</indexes>
</Table>