<?xml version = '1.0' encoding = 'UTF-8'?>
<Table class="oracle.dbtools.crest.model.design.relational.Table" directorySegmentName="seg_0" id="B1A8A451-E290-D776-29F1-D56777DDA4C2" name="CURSOSv1">
<createdBy>logonrmlocal</createdBy>
<createdTime>2022-05-06 13:55:56 UTC</createdTime>
<generatorID>D1C61252-8341-AE86-7258-9FABA3D6E22D</generatorID>
<ownerDesignName>Alunos</ownerDesignName>
<allowColumnReorder>false</allowColumnReorder>
<existDependencyGenerateInDDl>true</existDependencyGenerateInDDl>
<parsed>true</parsed>
<columns itemClass="oracle.dbtools.crest.model.design.relational.Column">
<Column name="COD_CURSOS" id="7CAB8ECA-7CA5-7BC1-A562-B9C5E2C55DD7">
<createdBy>logonrmlocal</createdBy>
<createdTime>2022-05-06 13:55:56 UTC</createdTime>
<generatorID>644F4536-F6C4-E6DA-DB8B-2D671C2BE2C4</generatorID>
<ownerDesignName>Alunos</ownerDesignName>
<useDomainConstraints>false</useDomainConstraints>
<use>1</use>
<logicalDatatype>LOGDT019</logicalDatatype>
<dataTypePrecision>5</dataTypePrecision>
<ownDataTypeParameters>,5,</ownDataTypeParameters>
<autoIncrementCycle>false</autoIncrementCycle>
</Column>
<Column name="NOME" id="07649322-B6FB-E040-2F29-1139D03A011A">
<createdBy>logonrmlocal</createdBy>
<createdTime>2022-05-06 13:55:56 UTC</createdTime>
<generatorID>C86CC264-9D87-6CB6-B72B-9C80D34DF4F4</generatorID>
<ownerDesignName>Alunos</ownerDesignName>
<useDomainConstraints>false</useDomainConstraints>
<use>1</use>
<logicalDatatype>LOGDT024</logicalDatatype>
<dataTypeSize>100</dataTypeSize>
<ownDataTypeParameters>100,,</ownDataTypeParameters>
<autoIncrementCycle>false</autoIncrementCycle>
</Column>
</columns>
<indexes itemClass="oracle.dbtools.crest.model.design.relational.Index">
<ind_PK_UK id="3B8A27F8-4AEC-3921-E36D-D312DFF3C1FB" name="CURSOSv1_PK">
<createdBy>logonrmlocal</createdBy>
<createdTime>2022-05-06 13:55:56 UTC</createdTime>
<generatorID>53A4FEF3-1A3C-5F07-3A55-49628A7EE10D</generatorID>
<ownerDesignName>Alunos</ownerDesignName>
<pk>true</pk>
<indexState>Primary Constraint</indexState>
<isSurrogateKey>false</isSurrogateKey>
<indexColumnUsage>
<colUsage columnID="7CAB8ECA-7CA5-7BC1-A562-B9C5E2C55DD7"/>
</indexColumnUsage>
</ind_PK_UK>
</indexes>
</Table>