<?xml version = '1.0' encoding = 'UTF-8'?>
<Table class="oracle.dbtools.crest.model.design.relational.Table" directorySegmentName="seg_0" id="CC210EAA-8853-CB0D-8420-DF47FBB5E839" name="ALUNOSV1_CURSOV1">
<createdBy>logonrmlocal</createdBy>
<createdTime>2022-05-06 13:55:56 UTC</createdTime>
<ownerDesignName>Alunos</ownerDesignName>
<ordsAlias>relation_1v1</ordsAlias>
<allowColumnReorder>false</allowColumnReorder>
<existDependencyGenerateInDDl>true</existDependencyGenerateInDDl>
<parsed>true</parsed>
<columns itemClass="oracle.dbtools.crest.model.design.relational.Column">
<Column name="ALUNOSv1_COD_ALUNOS" id="093C574B-0AAA-46D0-0E75-BCB4890258D5">
<createdBy>logonrmlocal</createdBy>
<createdTime>2022-05-06 13:55:56 UTC</createdTime>
<ownerDesignName>Alunos</ownerDesignName>
<useDomainConstraints>false</useDomainConstraints>
<use>1</use>
<logicalDatatype>LOGDT019</logicalDatatype>
<dataTypePrecision>5</dataTypePrecision>
<ownDataTypeParameters>,,</ownDataTypeParameters>
<previousColumn>false</previousColumn>
<autoIncrementCycle>false</autoIncrementCycle>
<associations>
<colAssociation fkAssociation="64F560E7-0A7B-046E-14F4-FE28CE6B5966" referredColumn="DF7FB86F-A5BF-858E-0419-0F21283C45C0"/>
</associations>
</Column>
<Column name="CURSOSv1_COD_CURSOS" id="18ACE4A1-CF89-52B3-4C04-008E4E1818BA">
<createdBy>logonrmlocal</createdBy>
<createdTime>2022-05-06 13:55:56 UTC</createdTime>
<ownerDesignName>Alunos</ownerDesignName>
<useDomainConstraints>false</useDomainConstraints>
<use>1</use>
<logicalDatatype>LOGDT019</logicalDatatype>
<dataTypePrecision>5</dataTypePrecision>
<ownDataTypeParameters>,,</ownDataTypeParameters>
<previousColumn>false</previousColumn>
<autoIncrementCycle>false</autoIncrementCycle>
<associations>
<colAssociation fkAssociation="DD30F8FE-096A-93D4-905A-572366B9E266" referredColumn="7CAB8ECA-7CA5-7BC1-A562-B9C5E2C55DD7"/>
</associations>
</Column>
</columns>
<indexes itemClass="oracle.dbtools.crest.model.design.relational.Index">
<ind_PK_UK id="0EF0AA72-5515-9E2D-80F0-D20BA6ED1AF1" name="Relation_1v1_PK">
<createdBy>logonrmlocal</createdBy>
<createdTime>2022-05-06 13:55:56 UTC</createdTime>
<ownerDesignName>Alunos</ownerDesignName>
<pk>true</pk>
<indexState>Primary Constraint</indexState>
<isSurrogateKey>false</isSurrogateKey>
<indexColumnUsage>
<colUsage columnID="093C574B-0AAA-46D0-0E75-BCB4890258D5"/>
<colUsage columnID="18ACE4A1-CF89-52B3-4C04-008E4E1818BA"/>
</indexColumnUsage>
</ind_PK_UK>
<ind_PK_UK id="B762F585-B904-721F-ACC0-1144EC2966FC" name="Relation_1v1_ALUNOSv1_FK">
<createdBy>logonrmlocal</createdBy>
<createdTime>2022-05-06 13:55:56 UTC</createdTime>
<generatorID>FA34A5A5-EDA7-2F62-03EF-1931365CBEF2</generatorID>
<ownerDesignName>Alunos</ownerDesignName>
<indexState>Foreign Key</indexState>
<isSurrogateKey>false</isSurrogateKey>
<indexColumnUsage>
<colUsage columnID="093C574B-0AAA-46D0-0E75-BCB4890258D5"/>
</indexColumnUsage>
</ind_PK_UK>
<ind_PK_UK id="4EFDD9D1-9A03-A19F-9D2A-5211E3843BF5" name="Relation_1v1_CURSOSv1_FK">
<createdBy>logonrmlocal</createdBy>
<createdTime>2022-05-06 13:55:56 UTC</createdTime>
<generatorID>FA34A5A5-EDA7-2F62-03EF-1931365CBEF2</generatorID>
<ownerDesignName>Alunos</ownerDesignName>
<indexState>Foreign Key</indexState>
<isSurrogateKey>false</isSurrogateKey>
<indexColumnUsage>
<colUsage columnID="18ACE4A1-CF89-52B3-4C04-008E4E1818BA"/>
</indexColumnUsage>
</ind_PK_UK>
</indexes>
</Table>