<?xml version = '1.0' encoding = 'UTF-8'?>
<Table class="oracle.dbtools.crest.model.design.relational.Table" directorySegmentName="seg_0" id="DDD6EC69-A4D5-DB0D-FCEE-33904E2329B9" name="MATRICULAS">
<createdBy>logonrmlocal</createdBy>
<createdTime>2022-05-06 13:55:56 UTC</createdTime>
<generatorID>79601A0A-29B4-A7B3-205D-A535EDF43C0A</generatorID>
<ownerDesignName>Alunos</ownerDesignName>
<allowColumnReorder>false</allowColumnReorder>
<existDependencyGenerateInDDl>true</existDependencyGenerateInDDl>
<parsed>true</parsed>
<columns itemClass="oracle.dbtools.crest.model.design.relational.Column">
<Column name="COD_ALUNOS" id="CA5D0242-BA65-6691-2BF6-EFDDFF643EAF">
<createdBy>logonrmlocal</createdBy>
<createdTime>2022-05-06 13:55:56 UTC</createdTime>
<generatorID>C580B0A9-06BF-913C-2205-D1780C7E4A0E</generatorID>
<ownerDesignName>Alunos</ownerDesignName>
<useDomainConstraints>false</useDomainConstraints>
<use>1</use>
<logicalDatatype>LOGDT019</logicalDatatype>
<dataTypePrecision>5</dataTypePrecision>
<ownDataTypeParameters>,,</ownDataTypeParameters>
<previousColumn>false</previousColumn>
<autoIncrementCycle>false</autoIncrementCycle>
<associations>
<colAssociation fkAssociation="973182E5-F3A4-0E09-8265-CAA5E0AA94B5" referredColumn="ECEDFA4E-49DB-CEEF-9BFF-3BD99534A001"/>
</associations>
</Column>
<Column name="COD_CURSOS" id="5843EF9C-2C29-BD2F-956D-5088C6A8F947">
<createdBy>logonrmlocal</createdBy>
<createdTime>2022-05-06 13:55:56 UTC</createdTime>
<generatorID>CF1685C0-5F3F-B587-501F-876120B860F4</generatorID>
<ownerDesignName>Alunos</ownerDesignName>
<useDomainConstraints>false</useDomainConstraints>
<use>1</use>
<logicalDatatype>LOGDT019</logicalDatatype>
<dataTypePrecision>5</dataTypePrecision>
<ownDataTypeParameters>,,</ownDataTypeParameters>
<previousColumn>false</previousColumn>
<autoIncrementCycle>false</autoIncrementCycle>
<associations>
<colAssociation fkAssociation="3BC0ACA2-49A2-4F3D-32BE-7B81DECF9103" referredColumn="D5F460A7-72ED-E753-B63F-D0E3F1CFCBE7"/>
</associations>
</Column>
</columns>
<indexes itemClass="oracle.dbtools.crest.model.design.relational.Index">
<ind_PK_UK id="25C9FF5D-10CB-67BE-E366-8E4C919DC777" name="MATRICULAS_PK">
<createdBy>logonrmlocal</createdBy>
<createdTime>2022-05-06 13:55:56 UTC</createdTime>
<generatorID>444DE2BE-7A7E-4AD0-8209-BF85DAE33C4C</generatorID>
<ownerDesignName>Alunos</ownerDesignName>
<pk>true</pk>
<indexState>Primary Constraint</indexState>
<isSurrogateKey>false</isSurrogateKey>
<indexColumnUsage>
<colUsage columnID="CA5D0242-BA65-6691-2BF6-EFDDFF643EAF"/>
<colUsage columnID="5843EF9C-2C29-BD2F-956D-5088C6A8F947"/>
</indexColumnUsage>
</ind_PK_UK>
<ind_PK_UK id="5A26ADE7-B9CD-481A-8EB8-B42F70827B94" name="MATRICULAS_ALUNOS_FK">
<createdBy>logonrmlocal</createdBy>
<createdTime>2022-05-06 13:55:56 UTC</createdTime>
<generatorID>0DB78D22-0746-F5EF-13C9-A8937BF839AA</generatorID>
<ownerDesignName>Alunos</ownerDesignName>
<indexState>Foreign Key</indexState>
<isSurrogateKey>false</isSurrogateKey>
<indexColumnUsage>
<colUsage columnID="CA5D0242-BA65-6691-2BF6-EFDDFF643EAF"/>
</indexColumnUsage>
</ind_PK_UK>
<ind_PK_UK id="01049111-EF07-6725-8DA8-DB8785C5BF59" name="MATRICULAS_CURSOS_FK">
<createdBy>logonrmlocal</createdBy>
<createdTime>2022-05-06 13:55:56 UTC</createdTime>
<generatorID>635EE82D-5B15-C72C-1583-C29D11888815</generatorID>
<ownerDesignName>Alunos</ownerDesignName>
<indexState>Foreign Key</indexState>
<isSurrogateKey>false</isSurrogateKey>
<indexColumnUsage>
<colUsage columnID="5843EF9C-2C29-BD2F-956D-5088C6A8F947"/>
</indexColumnUsage>
</ind_PK_UK>
</indexes>
</Table>