<?xml version = '1.0' encoding = 'UTF-8'?>
<Entity class="oracle.dbtools.crest.model.design.logical.Entity" directorySegmentName="seg_0" id="1AE6D758-D9CA-55A9-0939-F30BD3F348D8" name="ALUNOS">
<createdBy>logonrmlocal</createdBy>
<createdTime>2022-05-06 13:31:32 UTC</createdTime>
<ownerDesignName>Alunos</ownerDesignName>
<engineerTo>
<item key="3AB8CE9B-D21F-CD39-748D-07A1E99A1430" value="true"/>
</engineerTo>
<adequatelyNormalized>NO</adequatelyNormalized>
<expectedVolumes>0</expectedVolumes>
<fwdEngineeringStrategyName>Single Table</fwdEngineeringStrategyName>
<growthPercent>0</growthPercent>
<growthType>Year</growthType>
<maxVolumes>9999999</maxVolumes>
<minVolumes>0</minVolumes>
<normalForm>Third</normalForm>
<attributes itemClass="oracle.dbtools.crest.model.design.logical.Attribute">
<Attribute name="COD_ALUNOS" id="A9B55850-9BBB-CE2E-0CD0-8E84090B8649">
<createdBy>logonrmlocal</createdBy>
<createdTime>2022-05-06 13:31:42 UTC</createdTime>
<ownerDesignName>Alunos</ownerDesignName>
<engineerTo>
<item key="3AB8CE9B-D21F-CD39-748D-07A1E99A1430" value="true"/>
</engineerTo>
<useDomainConstraints>false</useDomainConstraints>
<use>1</use>
<logicalDatatype>LOGDT019</logicalDatatype>
<dataTypePrecision>5</dataTypePrecision>
<ownDataTypeParameters>,5,</ownDataTypeParameters>
</Attribute>
<Attribute name="NOME" id="9140FC3D-DBD9-20B1-BC7A-897235D36FCF">
<createdBy>logonrmlocal</createdBy>
<createdTime>2022-05-06 13:31:49 UTC</createdTime>
<ownerDesignName>Alunos</ownerDesignName>
<engineerTo>
<item key="3AB8CE9B-D21F-CD39-748D-07A1E99A1430" value="true"/>
</engineerTo>
<useDomainConstraints>false</useDomainConstraints>
<use>1</use>
<logicalDatatype>LOGDT024</logicalDatatype>
<dataTypeSize>100</dataTypeSize>
<ownDataTypeParameters>100,,</ownDataTypeParameters>
</Attribute>
</attributes>
<identifiers itemClass="oracle.dbtools.crest.model.design.logical.CandidateKey">
<identifier id="65C0CB17-5C50-07EA-6764-405A217E11EE" name="ALUNOS PK">
<createdBy>logonrmlocal</createdBy>
<createdTime>2022-05-06 13:31:47 UTC</createdTime>
<ownerDesignName>Alunos</ownerDesignName>
<engineerTo>
<item key="3AB8CE9B-D21F-CD39-748D-07A1E99A1430" value="true"/>
</engineerTo>
<pk>true</pk>
<usedAttributes>
<attributeRef>A9B55850-9BBB-CE2E-0CD0-8E84090B8649</attributeRef>
</usedAttributes>
</identifier>
</identifiers>
</Entity>