<?xml version = '1.0' encoding = 'UTF-8'?>
<Entity class="oracle.dbtools.crest.model.design.logical.Entity" directorySegmentName="seg_0" id="674C42F7-E510-2D24-2FB3-F626C20CAAC0" name="ALUNOSv1">
<createdBy>logonrmlocal</createdBy>
<createdTime>2022-05-06 13:36:25 UTC</createdTime>
<ownerDesignName>Alunos</ownerDesignName>
<engineerTo>
<item key="3AB8CE9B-D21F-CD39-748D-07A1E99A1430" value="true"/>
</engineerTo>
<adequatelyNormalized>NO</adequatelyNormalized>
<expectedVolumes>0</expectedVolumes>
<fwdEngineeringStrategyName>Single Table</fwdEngineeringStrategyName>
<growthPercent>0</growthPercent>
<growthType>Year</growthType>
<maxVolumes>9999999</maxVolumes>
<minVolumes>0</minVolumes>
<normalForm>Third</normalForm>
<attributes itemClass="oracle.dbtools.crest.model.design.logical.Attribute">
<Attribute name="COD_ALUNOS" id="3D78189D-CB08-19D0-01DE-C959BC753868">
<createdBy>logonrmlocal</createdBy>
<createdTime>2022-05-06 13:36:25 UTC</createdTime>
<ownerDesignName>Alunos</ownerDesignName>
<engineerTo>
<item key="3AB8CE9B-D21F-CD39-748D-07A1E99A1430" value="true"/>
</engineerTo>
<useDomainConstraints>false</useDomainConstraints>
<use>1</use>
<logicalDatatype>LOGDT019</logicalDatatype>
<dataTypePrecision>5</dataTypePrecision>
<ownDataTypeParameters>,5,</ownDataTypeParameters>
</Attribute>
<Attribute name="NOME" id="4D87736A-6533-F978-A7AB-99ACA24A4863">
<createdBy>logonrmlocal</createdBy>
<createdTime>2022-05-06 13:36:25 UTC</createdTime>
<ownerDesignName>Alunos</ownerDesignName>
<engineerTo>
<item key="3AB8CE9B-D21F-CD39-748D-07A1E99A1430" value="true"/>
</engineerTo>
<useDomainConstraints>false</useDomainConstraints>
<use>1</use>
<logicalDatatype>LOGDT024</logicalDatatype>
<dataTypeSize>100</dataTypeSize>
<ownDataTypeParameters>100,,</ownDataTypeParameters>
</Attribute>
</attributes>
<identifiers itemClass="oracle.dbtools.crest.model.design.logical.CandidateKey">
<identifier id="4DF43695-9265-3486-B765-73877A77A336" name="ALUNOS PK">
<createdBy>logonrmlocal</createdBy>
<createdTime>2022-05-06 13:36:25 UTC</createdTime>
<ownerDesignName>Alunos</ownerDesignName>
<engineerTo>
<item key="3AB8CE9B-D21F-CD39-748D-07A1E99A1430" value="true"/>
</engineerTo>
<pk>true</pk>
<usedAttributes>
<attributeRef>3D78189D-CB08-19D0-01DE-C959BC753868</attributeRef>
</usedAttributes>
</identifier>
</identifiers>
</Entity>