<?xml version = '1.0' encoding = 'UTF-8'?>
<Entity class="oracle.dbtools.crest.model.design.logical.Entity" directorySegmentName="seg_0" id="79601A0A-29B4-A7B3-205D-A535EDF43C0A" name="MATRICULAS">
<createdBy>logonrmlocal</createdBy>
<createdTime>2022-05-06 13:50:11 UTC</createdTime>
<ownerDesignName>Alunos</ownerDesignName>
<engineerTo>
<item key="3AB8CE9B-D21F-CD39-748D-07A1E99A1430" value="true"/>
</engineerTo>
<adequatelyNormalized>NO</adequatelyNormalized>
<expectedVolumes>0</expectedVolumes>
<fwdEngineeringStrategyName>Single Table</fwdEngineeringStrategyName>
<growthPercent>0</growthPercent>
<growthType>Year</growthType>
<maxVolumes>9999999</maxVolumes>
<minVolumes>0</minVolumes>
<normalForm>Third</normalForm>
<attributes itemClass="oracle.dbtools.crest.model.design.logical.Attribute">
<Attribute name="COD_ALUNOS" id="C580B0A9-06BF-913C-2205-D1780C7E4A0E">
<createdBy>logonrmlocal</createdBy>
<createdTime>2022-05-06 13:51:08 UTC</createdTime>
<generatorID>0DB78D22-0746-F5EF-13C9-A8937BF839AA</generatorID>
<ownerDesignName>Alunos</ownerDesignName>
<engineerTo>
<item key="3AB8CE9B-D21F-CD39-748D-07A1E99A1430" value="true"/>
</engineerTo>
<referedAttribute>A9B55850-9BBB-CE2E-0CD0-8E84090B8649</referedAttribute>
<useDomainConstraints>false</useDomainConstraints>
<use>1</use>
<logicalDatatype>LOGDT019</logicalDatatype>
<dataTypePrecision>5</dataTypePrecision>
<ownDataTypeParameters>,,</ownDataTypeParameters>
</Attribute>
<Attribute name="COD_CURSOS" id="CF1685C0-5F3F-B587-501F-876120B860F4">
<createdBy>logonrmlocal</createdBy>
<createdTime>2022-05-06 13:51:13 UTC</createdTime>
<generatorID>635EE82D-5B15-C72C-1583-C29D11888815</generatorID>
<ownerDesignName>Alunos</ownerDesignName>
<engineerTo>
<item key="3AB8CE9B-D21F-CD39-748D-07A1E99A1430" value="true"/>
</engineerTo>
<referedAttribute>E947CB4A-BBBC-9E1B-33E0-A8ABFAE6B632</referedAttribute>
<useDomainConstraints>false</useDomainConstraints>
<use>1</use>
<logicalDatatype>LOGDT019</logicalDatatype>
<dataTypePrecision>5</dataTypePrecision>
<ownDataTypeParameters>,,</ownDataTypeParameters>
</Attribute>
<Attribute name="Attribute_2" id="4CE9F39A-76A2-7187-7C2F-0E1ACEDFD28F">
<createdBy>logonrmlocal</createdBy>
<createdTime>2022-05-06 13:51:13 UTC</createdTime>
<generatorID>635EE82D-5B15-C72C-1583-C29D11888815</generatorID>
<ownerDesignName>Alunos</ownerDesignName>
<engineerTo>
<item key="3AB8CE9B-D21F-CD39-748D-07A1E99A1430" value="true"/>
</engineerTo>
<referedAttribute>D6CB936C-258E-C5BE-B8C1-083109947015</referedAttribute>
<useDomainConstraints>false</useDomainConstraints>
<use>1</use>
<logicalDatatype>LOGDT019</logicalDatatype>
<dataTypePrecision>5</dataTypePrecision>
<ownDataTypeParameters>,,</ownDataTypeParameters>
</Attribute>
</attributes>
<identifiers itemClass="oracle.dbtools.crest.model.design.logical.CandidateKey">
<identifier id="444DE2BE-7A7E-4AD0-8209-BF85DAE33C4C" name="ALUNOS_CURSOS PK">
<createdBy>logonrmlocal</createdBy>
<createdTime>2022-05-06 13:51:57 UTC</createdTime>
<ownerDesignName>Alunos</ownerDesignName>
<engineerTo>
<item key="3AB8CE9B-D21F-CD39-748D-07A1E99A1430" value="true"/>
</engineerTo>
<pk>true</pk>
<usedAttributes>
<attributeRef>C580B0A9-06BF-913C-2205-D1780C7E4A0E</attributeRef>
<attributeRef>CF1685C0-5F3F-B587-501F-876120B860F4</attributeRef>
<attributeRef>4CE9F39A-76A2-7187-7C2F-0E1ACEDFD28F</attributeRef>
</usedAttributes>
</identifier>
</identifiers>
</Entity>