<?xml version = '1.0' encoding = 'UTF-8'?>
<Entity class="oracle.dbtools.crest.model.design.logical.Entity" directorySegmentName="seg_0" id="B231E9D0-8ABB-7EAC-DE60-99C6B556923A" name="CURSOS">
<createdBy>logonrmlocal</createdBy>
<createdTime>2022-05-06 13:34:17 UTC</createdTime>
<ownerDesignName>Alunos</ownerDesignName>
<engineerTo>
<item key="3AB8CE9B-D21F-CD39-748D-07A1E99A1430" value="true"/>
</engineerTo>
<adequatelyNormalized>NO</adequatelyNormalized>
<expectedVolumes>0</expectedVolumes>
<fwdEngineeringStrategyName>Single Table</fwdEngineeringStrategyName>
<growthPercent>0</growthPercent>
<growthType>Year</growthType>
<maxVolumes>9999999</maxVolumes>
<minVolumes>0</minVolumes>
<normalForm>Third</normalForm>
<attributes itemClass="oracle.dbtools.crest.model.design.logical.Attribute">
<Attribute name="COD_CURSOS" id="E947CB4A-BBBC-9E1B-33E0-A8ABFAE6B632">
<createdBy>logonrmlocal</createdBy>
<createdTime>2022-05-06 13:34:22 UTC</createdTime>
<ownerDesignName>Alunos</ownerDesignName>
<engineerTo>
<item key="3AB8CE9B-D21F-CD39-748D-07A1E99A1430" value="true"/>
</engineerTo>
<useDomainConstraints>false</useDomainConstraints>
<use>1</use>
<logicalDatatype>LOGDT019</logicalDatatype>
<dataTypePrecision>5</dataTypePrecision>
<ownDataTypeParameters>,5,</ownDataTypeParameters>
</Attribute>
<Attribute name="NOME" id="A2F9E4D1-3AE6-97CB-045F-C372D4D9B181">
<createdBy>logonrmlocal</createdBy>
<createdTime>2022-05-06 13:35:10 UTC</createdTime>
<ownerDesignName>Alunos</ownerDesignName>
<engineerTo>
<item key="3AB8CE9B-D21F-CD39-748D-07A1E99A1430" value="true"/>
</engineerTo>
<useDomainConstraints>false</useDomainConstraints>
<use>1</use>
<logicalDatatype>LOGDT024</logicalDatatype>
<dataTypeSize>100</dataTypeSize>
<ownDataTypeParameters>100,,</ownDataTypeParameters>
</Attribute>
</attributes>
<identifiers itemClass="oracle.dbtools.crest.model.design.logical.CandidateKey">
<identifier id="AF0404C3-1DB0-7A77-9D71-4FB92E56B503" name="CURSOS PK">
<createdBy>logonrmlocal</createdBy>
<createdTime>2022-05-06 13:34:30 UTC</createdTime>
<ownerDesignName>Alunos</ownerDesignName>
<engineerTo>
<item key="3AB8CE9B-D21F-CD39-748D-07A1E99A1430" value="true"/>
</engineerTo>
<pk>true</pk>
<usedAttributes>
<attributeRef>D6CB936C-258E-C5BE-B8C1-083109947015</attributeRef>
<attributeRef>E947CB4A-BBBC-9E1B-33E0-A8ABFAE6B632</attributeRef>
</usedAttributes>
</identifier>
</identifiers>
</Entity>