<?xml version = '1.0' encoding = 'UTF-8'?>
<Entity class="oracle.dbtools.crest.model.design.logical.Entity" directorySegmentName="seg_0" id="D1C61252-8341-AE86-7258-9FABA3D6E22D" name="CURSOSv1">
<createdBy>logonrmlocal</createdBy>
<createdTime>2022-05-06 13:36:25 UTC</createdTime>
<ownerDesignName>Alunos</ownerDesignName>
<engineerTo>
<item key="3AB8CE9B-D21F-CD39-748D-07A1E99A1430" value="true"/>
</engineerTo>
<adequatelyNormalized>NO</adequatelyNormalized>
<expectedVolumes>0</expectedVolumes>
<fwdEngineeringStrategyName>Single Table</fwdEngineeringStrategyName>
<growthPercent>0</growthPercent>
<growthType>Year</growthType>
<maxVolumes>9999999</maxVolumes>
<minVolumes>0</minVolumes>
<normalForm>Third</normalForm>
<attributes itemClass="oracle.dbtools.crest.model.design.logical.Attribute">
<Attribute name="COD_CURSOS" id="644F4536-F6C4-E6DA-DB8B-2D671C2BE2C4">
<createdBy>logonrmlocal</createdBy>
<createdTime>2022-05-06 13:36:25 UTC</createdTime>
<ownerDesignName>Alunos</ownerDesignName>
<engineerTo>
<item key="3AB8CE9B-D21F-CD39-748D-07A1E99A1430" value="true"/>
</engineerTo>
<useDomainConstraints>false</useDomainConstraints>
<use>1</use>
<logicalDatatype>LOGDT019</logicalDatatype>
<dataTypePrecision>5</dataTypePrecision>
<ownDataTypeParameters>,5,</ownDataTypeParameters>
</Attribute>
<Attribute name="NOME" id="C86CC264-9D87-6CB6-B72B-9C80D34DF4F4">
<createdBy>logonrmlocal</createdBy>
<createdTime>2022-05-06 13:36:25 UTC</createdTime>
<ownerDesignName>Alunos</ownerDesignName>
<engineerTo>
<item key="3AB8CE9B-D21F-CD39-748D-07A1E99A1430" value="true"/>
</engineerTo>
<useDomainConstraints>false</useDomainConstraints>
<use>1</use>
<logicalDatatype>LOGDT024</logicalDatatype>
<dataTypeSize>100</dataTypeSize>
<ownDataTypeParameters>100,,</ownDataTypeParameters>
</Attribute>
</attributes>
<identifiers itemClass="oracle.dbtools.crest.model.design.logical.CandidateKey">
<identifier id="53A4FEF3-1A3C-5F07-3A55-49628A7EE10D" name="CURSOS PK">
<createdBy>logonrmlocal</createdBy>
<createdTime>2022-05-06 13:36:25 UTC</createdTime>
<ownerDesignName>Alunos</ownerDesignName>
<engineerTo>
<item key="3AB8CE9B-D21F-CD39-748D-07A1E99A1430" value="true"/>
</engineerTo>
<pk>true</pk>
<usedAttributes>
<attributeRef>644F4536-F6C4-E6DA-DB8B-2D671C2BE2C4</attributeRef>
</usedAttributes>
</identifier>
</identifiers>
</Entity>