<?xml version = '1.0' encoding = 'UTF-8'?>
<relationalModel class="oracle.dbtools.crest.model.design.relational.RelationalDesign" name="Relational_1" id="F90B14D0-E443-96BD-E1F3-59DF7B40470E" mainViewID="B890F322-F8A9-9D21-9C95-1C0B3495AFE0">
<createdBy>logonrmlocal</createdBy>
<createdTime>2022-04-01 14:31:58 UTC</createdTime>
<ownerDesignName>LIVROS</ownerDesignName>
<shouldBeOpen>false</shouldBeOpen>
<selectedRDBMSSite>32076570-2523-435C-2E92-BF29817DFF70</selectedRDBMSSite>
</relationalModel>