<?xml version = '1.0' encoding = 'UTF-8'?>
<Entity class="oracle.dbtools.crest.model.design.logical.Entity" directorySegmentName="seg_0" id="4FB1310B-5901-195B-0092-8CB9CBB9A98E" name="EMPRESTIMO">
<createdBy>logonrmlocal</createdBy>
<createdTime>2022-04-01 14:34:40 UTC</createdTime>
<ownerDesignName>LIVROS</ownerDesignName>
<engineerTo>
<item key="F90B14D0-E443-96BD-E1F3-59DF7B40470E" value="true"/>
</engineerTo>
<adequatelyNormalized>NO</adequatelyNormalized>
<expectedVolumes>0</expectedVolumes>
<fwdEngineeringStrategyName>Single Table</fwdEngineeringStrategyName>
<growthPercent>0</growthPercent>
<growthType>Year</growthType>
<maxVolumes>9999999</maxVolumes>
<minVolumes>0</minVolumes>
<normalForm>Third</normalForm>
<attributes itemClass="oracle.dbtools.crest.model.design.logical.Attribute">
<Attribute name="COD_SITUACAO" id="667F14C8-CE54-DCD8-A716-51CEDC22D5D8">
<createdBy>logonrmlocal</createdBy>
<createdTime>2022-04-01 14:39:00 UTC</createdTime>
<ownerDesignName>LIVROS</ownerDesignName>
<engineerTo>
<item key="F90B14D0-E443-96BD-E1F3-59DF7B40470E" value="true"/>
</engineerTo>
<use>0</use>
<ownDataTypeParameters>,,</ownDataTypeParameters>
</Attribute>
<Attribute name="DATA_EMPRESTIMO" id="E39AFBC2-83CC-D926-C27C-B58DB4F0A23F">
<createdBy>logonrmlocal</createdBy>
<createdTime>2022-04-01 14:42:33 UTC</createdTime>
<ownerDesignName>LIVROS</ownerDesignName>
<engineerTo>
<item key="F90B14D0-E443-96BD-E1F3-59DF7B40470E" value="true"/>
</engineerTo>
<use>0</use>
<ownDataTypeParameters>,,</ownDataTypeParameters>
</Attribute>
<Attribute name="DATA_DEVOLUCAO" id="E3700D2F-B68F-4B35-13EB-6B8D9C7054D5">
<createdBy>logonrmlocal</createdBy>
<createdTime>2022-04-08 14:16:41 UTC</createdTime>
<ownerDesignName>LIVROS</ownerDesignName>
<engineerTo>
<item key="F90B14D0-E443-96BD-E1F3-59DF7B40470E" value="true"/>
</engineerTo>
<nullsAllowed>true</nullsAllowed>
<use>0</use>
<ownDataTypeParameters>,,</ownDataTypeParameters>
</Attribute>
<Attribute name="COD_ALUNO" id="CF170305-6D1C-D4A6-F2E2-33C9F81ED07F">
<createdBy>logonrmlocal</createdBy>
<createdTime>2022-04-08 14:52:43 UTC</createdTime>
<generatorID>BCC6411C-ED70-E8ED-00D6-54270EAFCBAE</generatorID>
<ownerDesignName>LIVROS</ownerDesignName>
<engineerTo>
<item key="F90B14D0-E443-96BD-E1F3-59DF7B40470E" value="true"/>
</engineerTo>
<referedAttribute>E97345C0-E4E4-82A2-3AF7-EC3B435BAAC9</referedAttribute>
<use>0</use>
<ownDataTypeParameters>,,</ownDataTypeParameters>
</Attribute>
<Attribute name="COD_LIVRO" id="B62B7592-1B17-C454-BCE6-EB2FBF7FF354">
<createdBy>logonrmlocal</createdBy>
<createdTime>2022-04-08 14:54:00 UTC</createdTime>
<generatorID>96E9EB39-3B6A-61F2-585E-B2E16C5F643C</generatorID>
<ownerDesignName>LIVROS</ownerDesignName>
<engineerTo>
<item key="F90B14D0-E443-96BD-E1F3-59DF7B40470E" value="true"/>
</engineerTo>
<referedAttribute>9377E5E3-2823-6341-AE1E-79F161F5FA2C</referedAttribute>
<use>0</use>
<ownDataTypeParameters>,,</ownDataTypeParameters>
</Attribute>
</attributes>
<identifiers itemClass="oracle.dbtools.crest.model.design.logical.CandidateKey">
<identifier id="A764118D-2A3A-4456-72A7-C62A257053FE" name="SITUACAO_EMPRESTIMO PK">
<createdBy>logonrmlocal</createdBy>
<createdTime>2022-04-01 14:39:05 UTC</createdTime>
<ownerDesignName>LIVROS</ownerDesignName>
<engineerTo>
<item key="F90B14D0-E443-96BD-E1F3-59DF7B40470E" value="true"/>
</engineerTo>
<pk>true</pk>
<usedAttributes>
<attributeRef>667F14C8-CE54-DCD8-A716-51CEDC22D5D8</attributeRef>
</usedAttributes>
</identifier>
</identifiers>
</Entity>