<?xml version = '1.0' encoding = 'UTF-8'?>
<Entity class="oracle.dbtools.crest.model.design.logical.Entity" directorySegmentName="seg_0" id="8FED5F41-5B36-9F19-46D8-62FD74871CFD" name="LIVROS">
<createdBy>logonrmlocal</createdBy>
<createdTime>2022-04-01 14:32:40 UTC</createdTime>
<ownerDesignName>LIVROS</ownerDesignName>
<engineerTo>
<item key="F90B14D0-E443-96BD-E1F3-59DF7B40470E" value="true"/>
</engineerTo>
<adequatelyNormalized>NO</adequatelyNormalized>
<expectedVolumes>0</expectedVolumes>
<fwdEngineeringStrategyName>Single Table</fwdEngineeringStrategyName>
<growthPercent>0</growthPercent>
<growthType>Year</growthType>
<maxVolumes>9999999</maxVolumes>
<minVolumes>0</minVolumes>
<normalForm>Third</normalForm>
<attributes itemClass="oracle.dbtools.crest.model.design.logical.Attribute">
<Attribute name="COD_LIVRO" id="9377E5E3-2823-6341-AE1E-79F161F5FA2C">
<createdBy>logonrmlocal</createdBy>
<createdTime>2022-04-01 14:36:55 UTC</createdTime>
<ownerDesignName>LIVROS</ownerDesignName>
<engineerTo>
<item key="F90B14D0-E443-96BD-E1F3-59DF7B40470E" value="true"/>
</engineerTo>
<use>0</use>
<ownDataTypeParameters>,,</ownDataTypeParameters>
</Attribute>
<Attribute name="TITULO_LIVRO" id="8397D271-A62F-C803-A8C9-EADBA63C8FFE">
<createdBy>logonrmlocal</createdBy>
<createdTime>2022-04-01 14:37:00 UTC</createdTime>
<ownerDesignName>LIVROS</ownerDesignName>
<engineerTo>
<item key="F90B14D0-E443-96BD-E1F3-59DF7B40470E" value="true"/>
</engineerTo>
<use>0</use>
<ownDataTypeParameters>,,</ownDataTypeParameters>
</Attribute>
</attributes>
<identifiers itemClass="oracle.dbtools.crest.model.design.logical.CandidateKey">
<identifier id="EF7D4791-6A46-C380-80A3-22772E472A89" name="LIVROS PK">
<createdBy>logonrmlocal</createdBy>
<createdTime>2022-04-01 14:36:58 UTC</createdTime>
<ownerDesignName>LIVROS</ownerDesignName>
<engineerTo>
<item key="F90B14D0-E443-96BD-E1F3-59DF7B40470E" value="true"/>
</engineerTo>
<pk>true</pk>
<usedAttributes>
<attributeRef>9377E5E3-2823-6341-AE1E-79F161F5FA2C</attributeRef>
</usedAttributes>
</identifier>
</identifiers>
</Entity>