<?xml version = '1.0' encoding = 'UTF-8'?>
<Entity class="oracle.dbtools.crest.model.design.logical.Entity" directorySegmentName="seg_0" id="D6038B4D-52A3-FF1D-2E80-86A6F84FC976" name="ALUNOS">
<createdBy>logonrmlocal</createdBy>
<createdTime>2022-04-01 14:32:32 UTC</createdTime>
<ownerDesignName>LIVROS</ownerDesignName>
<engineerTo>
<item key="F90B14D0-E443-96BD-E1F3-59DF7B40470E" value="true"/>
</engineerTo>
<adequatelyNormalized>NO</adequatelyNormalized>
<expectedVolumes>0</expectedVolumes>
<fwdEngineeringStrategyName>Single Table</fwdEngineeringStrategyName>
<growthPercent>0</growthPercent>
<growthType>Year</growthType>
<maxVolumes>9999999</maxVolumes>
<minVolumes>0</minVolumes>
<normalForm>Third</normalForm>
<attributes itemClass="oracle.dbtools.crest.model.design.logical.Attribute">
<Attribute name="COD_ALUNO" id="E97345C0-E4E4-82A2-3AF7-EC3B435BAAC9">
<createdBy>logonrmlocal</createdBy>
<createdTime>2022-04-01 14:36:34 UTC</createdTime>
<ownerDesignName>LIVROS</ownerDesignName>
<engineerTo>
<item key="F90B14D0-E443-96BD-E1F3-59DF7B40470E" value="true"/>
</engineerTo>
<use>0</use>
<ownDataTypeParameters>,,</ownDataTypeParameters>
</Attribute>
<Attribute name="NOME" id="D5785DA2-3405-E294-3206-EB371DEA97D4">
<createdBy>logonrmlocal</createdBy>
<createdTime>2022-04-01 14:38:26 UTC</createdTime>
<ownerDesignName>LIVROS</ownerDesignName>
<engineerTo>
<item key="F90B14D0-E443-96BD-E1F3-59DF7B40470E" value="true"/>
</engineerTo>
<use>0</use>
<ownDataTypeParameters>,,</ownDataTypeParameters>
</Attribute>
<Attribute name="SOBRENOME" id="276891F7-5C08-C416-F734-0CED9308B416">
<createdBy>logonrmlocal</createdBy>
<createdTime>2022-04-01 14:38:29 UTC</createdTime>
<ownerDesignName>LIVROS</ownerDesignName>
<engineerTo>
<item key="F90B14D0-E443-96BD-E1F3-59DF7B40470E" value="true"/>
</engineerTo>
<use>0</use>
<ownDataTypeParameters>,,</ownDataTypeParameters>
</Attribute>
<Attribute name="DATA_NASCIMENTO" id="A8F1185A-E2EA-3CCC-6465-267E99E1F57D">
<createdBy>logonrmlocal</createdBy>
<createdTime>2022-04-01 14:38:33 UTC</createdTime>
<ownerDesignName>LIVROS</ownerDesignName>
<engineerTo>
<item key="F90B14D0-E443-96BD-E1F3-59DF7B40470E" value="true"/>
</engineerTo>
<use>0</use>
<ownDataTypeParameters>,,</ownDataTypeParameters>
</Attribute>
</attributes>
<identifiers itemClass="oracle.dbtools.crest.model.design.logical.CandidateKey">
<identifier id="FC01FECE-2FB1-F9F5-2CCF-C78B98E353DA" name="ALUNOS PK">
<createdBy>logonrmlocal</createdBy>
<createdTime>2022-04-01 14:36:42 UTC</createdTime>
<ownerDesignName>LIVROS</ownerDesignName>
<engineerTo>
<item key="F90B14D0-E443-96BD-E1F3-59DF7B40470E" value="true"/>
</engineerTo>
<pk>true</pk>
<usedAttributes>
<attributeRef>E97345C0-E4E4-82A2-3AF7-EC3B435BAAC9</attributeRef>
</usedAttributes>
</identifier>
</identifiers>
</Entity>