<?xml version = '1.0' encoding = 'UTF-8'?>
<Diagram class="oracle.dbtools.crest.swingui.logical.DPVLogical" name="Logical" id="F4F6EF83-79B3-02B3-EF8E-73A50E400F27">
<createdBy>logonrmlocal</createdBy>
<modifiedBy>logonrmlocal</modifiedBy>
<createdTime>2022-05-06 13:31:32 UTC</createdTime>
<autoRoute>false</autoRoute>
<boxInbox>true</boxInbox>
<showLegend>false</showLegend>
<showLabels>false</showLabels>
<showRelAttributes>false</showRelAttributes>
<gridEnabled>false</gridEnabled>
<showGrid>false</showGrid>
<diagramColor>-1</diagramColor>
<display>false</display>
<notation>1</notation>
<objectViews>
<OView class="oracle.dbtools.crest.swingui.logical.TVEntity" oid="1AE6D758-D9CA-55A9-0939-F30BD3F348D8" otype="Entity" vid="15F6242F-3BD6-4437-66E0-9C3357D7CEEB">
<hideElementsInCurrentOnly>false</hideElementsInCurrentOnly>
<bounds x="108" y="120" width="127" height="54"/>
</OView>
<OView class="oracle.dbtools.crest.swingui.logical.TVEntity" oid="674C42F7-E510-2D24-2FB3-F626C20CAAC0" otype="Entity" vid="AD21A23E-8446-C4B7-FD32-B5461AB812D8">
<hideElementsInCurrentOnly>false</hideElementsInCurrentOnly>
<bounds x="56" y="361" width="127" height="54"/>
</OView>
<OView class="oracle.dbtools.crest.swingui.logical.TVEntity" oid="79601A0A-29B4-A7B3-205D-A535EDF43C0A" otype="Entity" vid="263166DA-058F-C221-D529-E9D236E231DC">
<hideElementsInCurrentOnly>false</hideElementsInCurrentOnly>
<bounds x="257" y="265" width="126" height="40"/>
</OView>
<OView class="oracle.dbtools.crest.swingui.logical.TVEntity" oid="B231E9D0-8ABB-7EAC-DE60-99C6B556923A" otype="Entity" vid="6AA66E70-D29F-0D01-3A6D-6AD98A0F45E2">
<hideElementsInCurrentOnly>false</hideElementsInCurrentOnly>
<bounds x="418" y="124" width="128" height="54"/>
</OView>
<OView class="oracle.dbtools.crest.swingui.logical.TVEntity" oid="D1C61252-8341-AE86-7258-9FABA3D6E22D" otype="Entity" vid="6B954F03-CA66-1880-440B-05C809F059CB">
<hideElementsInCurrentOnly>false</hideElementsInCurrentOnly>
<bounds x="342" y="368" width="128" height="54"/>
</OView>
</objectViews>
<connectors>
<Connector class="oracle.dbtools.crest.swingui.logical.TVRelation" oid="0DB78D22-0746-F5EF-13C9-A8937BF839AA" otype="Relation" vid_source="15F6242F-3BD6-4437-66E0-9C3357D7CEEB" vid_target="263166DA-058F-C221-D529-E9D236E231DC">
<hideElementsInCurrentOnly>false</hideElementsInCurrentOnly>
<backgroundColor>-16777216</backgroundColor>
<lineWidth>1</lineWidth>
<points>
<point x="200" y="174"/>
<point x="313" y="265"/>
</points>
</Connector>
<Connector class="oracle.dbtools.crest.swingui.logical.TVRelation" oid="635EE82D-5B15-C72C-1583-C29D11888815" otype="Relation" vid_source="6AA66E70-D29F-0D01-3A6D-6AD98A0F45E2" vid_target="263166DA-058F-C221-D529-E9D236E231DC">
<hideElementsInCurrentOnly>false</hideElementsInCurrentOnly>
<backgroundColor>-16777216</backgroundColor>
<lineWidth>1</lineWidth>
<points>
<point x="449" y="178"/>
<point x="344" y="265"/>
</points>
</Connector>
<Connector class="oracle.dbtools.crest.swingui.logical.TVRelation" oid="FA34A5A5-EDA7-2F62-03EF-1931365CBEF2" otype="Relation" vid_source="AD21A23E-8446-C4B7-FD32-B5461AB812D8" vid_target="6B954F03-CA66-1880-440B-05C809F059CB">
<hideElementsInCurrentOnly>false</hideElementsInCurrentOnly>
<backgroundColor>-16777216</backgroundColor>
<lineWidth>1</lineWidth>
<points>
<point x="183" y="391"/>
<point x="342" y="391"/>
</points>
</Connector>
</connectors>
</Diagram>