<?xml version = '1.0' encoding = 'UTF-8'?>
<Diagram class="oracle.dbtools.crest.swingui.logical.DPVLogical" name="Logical" id="C951B096-1E92-6A38-F7E3-1FB0C667DBF4">
<createdBy>logonpflocal</createdBy>
<modifiedBy>logonpflocal</modifiedBy>
<createdTime>2022-05-03 23:30:58 UTC</createdTime>
<autoRoute>false</autoRoute>
<boxInbox>true</boxInbox>
<showLegend>false</showLegend>
<showLabels>false</showLabels>
<showRelAttributes>false</showRelAttributes>
<gridEnabled>false</gridEnabled>
<showGrid>false</showGrid>
<diagramColor>-1</diagramColor>
<display>false</display>
<notation>1</notation>
<objectViews>
<OView class="oracle.dbtools.crest.swingui.logical.TVEntity" oid="15E9064E-F44F-FBFC-EA4F-B6C1A0691F4E" otype="Entity" vid="070087C3-5621-71D1-FFBD-18E9A5D0DE3F">
<hideElementsInCurrentOnly>false</hideElementsInCurrentOnly>
<bounds x="859" y="89" width="127" height="68"/>
</OView>
<OView class="oracle.dbtools.crest.swingui.logical.TVEntity" oid="2641DD0A-58D8-441B-6536-8032BDCB8D9A" otype="Entity" vid="7783D7A7-9D4A-48FB-1918-C50C58A93408">
<hideElementsInCurrentOnly>false</hideElementsInCurrentOnly>
<bounds x="423" y="74" width="121" height="54"/>
</OView>
<OView class="oracle.dbtools.crest.swingui.logical.TVEntity" oid="55B849F4-7B46-D7F4-D968-572F869B5957" otype="Entity" vid="EA2935BE-5955-D3FF-3F26-D4D9156A869F">
<hideElementsInCurrentOnly>false</hideElementsInCurrentOnly>
<bounds x="112" y="93" width="100" height="26"/>
</OView>
<OView class="oracle.dbtools.crest.swingui.logical.TVEntity" oid="72817E6F-CE25-B8EC-DFB0-2C57DC12EEF0" otype="Entity" vid="7FC8ADE7-665B-4C40-614C-7F7FECAA4DFD">
<hideElementsInCurrentOnly>false</hideElementsInCurrentOnly>
<bounds x="618" y="97" width="154" height="26"/>
</OView>
<OView class="oracle.dbtools.crest.swingui.logical.TVEntity" oid="7F1C2B9A-3F06-B829-B2B7-F312487F7E96" otype="Entity" vid="7D3D5C3B-E84F-6D2A-5DDD-F821F1C636A0">
<hideElementsInCurrentOnly>false</hideElementsInCurrentOnly>
<bounds x="110" y="237" width="109" height="68"/>
</OView>
<OView class="oracle.dbtools.crest.swingui.logical.TVEntity" oid="B874B9E0-0A3F-38D6-D3A2-D21077CDE720" otype="Entity" vid="39D488B9-F92C-6CBB-A8D3-14B64D56C472">
<hideElementsInCurrentOnly>false</hideElementsInCurrentOnly>
<bounds x="841" y="271" width="162" height="54"/>
</OView>
</objectViews>
<connectors>
<Connector class="oracle.dbtools.crest.swingui.logical.TVRelation" oid="75E62617-9385-9938-C3B9-7A8510F7A201" otype="Relation" vid_source="7783D7A7-9D4A-48FB-1918-C50C58A93408" vid_target="EA2935BE-5955-D3FF-3F26-D4D9156A869F">
<hideElementsInCurrentOnly>false</hideElementsInCurrentOnly>
<backgroundColor>-16777216</backgroundColor>
<lineWidth>1</lineWidth>
<points>
<point x="423" y="106"/>
<point x="212" y="106"/>
</points>
</Connector>
<Connector class="oracle.dbtools.crest.swingui.logical.TVRelation" oid="8C93F5F6-6436-35F2-9B68-0BE417CA4C30" otype="Relation" vid_source="070087C3-5621-71D1-FFBD-18E9A5D0DE3F" vid_target="39D488B9-F92C-6CBB-A8D3-14B64D56C472">
<hideElementsInCurrentOnly>false</hideElementsInCurrentOnly>
<backgroundColor>-16777216</backgroundColor>
<lineWidth>1</lineWidth>
<points>
<point x="922" y="157"/>
<point x="922" y="271"/>
</points>
</Connector>
<Connector class="oracle.dbtools.crest.swingui.logical.TVRelation" oid="B753C564-7E5C-2186-FC8F-2AE060091A2D" otype="Relation" vid_source="070087C3-5621-71D1-FFBD-18E9A5D0DE3F" vid_target="7FC8ADE7-665B-4C40-614C-7F7FECAA4DFD">
<hideElementsInCurrentOnly>false</hideElementsInCurrentOnly>
<backgroundColor>-16777216</backgroundColor>
<lineWidth>1</lineWidth>
<points>
<point x="859" y="110"/>
<point x="772" y="110"/>
</points>
</Connector>
<Connector class="oracle.dbtools.crest.swingui.logical.TVRelation" oid="E73F9C65-1B79-CC3E-5AAF-39CD64374FED" otype="Relation" vid_source="7D3D5C3B-E84F-6D2A-5DDD-F821F1C636A0" vid_target="EA2935BE-5955-D3FF-3F26-D4D9156A869F">
<hideElementsInCurrentOnly>false</hideElementsInCurrentOnly>
<backgroundColor>-16777216</backgroundColor>
<lineWidth>1</lineWidth>
<points>
<point x="162" y="237"/>
<point x="162" y="119"/>
</points>
</Connector>
<Connector class="oracle.dbtools.crest.swingui.logical.TVRelation" oid="FE435DD1-F2C6-03B8-5FD4-4C71AED98A88" otype="Relation" vid_source="7783D7A7-9D4A-48FB-1918-C50C58A93408" vid_target="7FC8ADE7-665B-4C40-614C-7F7FECAA4DFD">
<hideElementsInCurrentOnly>false</hideElementsInCurrentOnly>
<backgroundColor>-16777216</backgroundColor>
<lineWidth>1</lineWidth>
<points>
<point x="544" y="110"/>
<point x="618" y="110"/>
</points>
</Connector>
</connectors>
</Diagram>