<?xml version = '1.0' encoding = 'UTF-8'?>
<relationalModel class="oracle.dbtools.crest.model.design.relational.RelationalDesign" name="Relational_1" id="70CA3B34-4689-4DFA-E26D-47E2F708C369" mainViewID="B7B44D00-41A1-CE3B-DFF4-0938A2DFC20F">
<createdBy>logonpflocal</createdBy>
<createdTime>2022-05-03 23:30:07 UTC</createdTime>
<ownerDesignName>exercicio_normalizacao</ownerDesignName>
<shouldBeOpen>true</shouldBeOpen>
<selectedRDBMSSite>32076570-2523-435C-2E92-BF29817DFF70</selectedRDBMSSite>
</relationalModel>