<?xml version = '1.0' encoding = 'UTF-8'?>
<relationalModel class="oracle.dbtools.crest.model.design.relational.RelationalDesign" name="Relational_1" id="BF77A450-546E-5877-165F-1EE17A5645C4" mainViewID="F38F0C7E-B46B-D544-9B5D-2557683B375A">
<createdBy>logonrmlocal</createdBy>
<createdTime>2022-04-29 14:06:38 UTC</createdTime>
<ownerDesignName>BANCOS</ownerDesignName>
<shouldBeOpen>false</shouldBeOpen>
<selectedRDBMSSite>32076570-2523-435C-2E92-BF29817DFF70</selectedRDBMSSite>
</relationalModel>