<?xml version = '1.0' encoding = 'UTF-8'?>
<relationalModel class="oracle.dbtools.crest.model.design.relational.RelationalDesign" name="Relational_1" id="3AB8CE9B-D21F-CD39-748D-07A1E99A1430" mainViewID="41B3C71D-709F-97B3-A562-20C810CE2356">
<createdBy>logonrmlocal</createdBy>
<createdTime>2022-05-06 13:19:22 UTC</createdTime>
<ownerDesignName>Alunos</ownerDesignName>
<shouldBeOpen>false</shouldBeOpen>
<selectedRDBMSSite>32076570-2523-435C-2E92-BF29817DFF70</selectedRDBMSSite>
</relationalModel>