<?xml version = '1.0' encoding = 'UTF-8'?>
<Relation class="oracle.dbtools.crest.model.design.logical.Relation" name="Relation_11" directorySegmentName="seg_0" id="8C93F5F6-6436-35F2-9B68-0BE417CA4C30">
<createdBy>logonrmlocal</createdBy>
<createdTime>2022-05-13 14:37:20 UTC</createdTime>
<ownerDesignName>Alunos_Cursos</ownerDesignName>
<engineerTo>
<item key="70CA3B34-4689-4DFA-E26D-47E2F708C369" value="true"/>
</engineerTo>
<sourcePk>BAC564E3-8054-AC5B-4C6C-6DE8D56E908D</sourcePk>
<identifying>false</identifying>
<optionalSource>true</optionalSource>
<optionalTarget>false</optionalTarget>
<sourceCardinality>1</sourceCardinality>
<sourceEntity>15E9064E-F44F-FBFC-EA4F-B6C1A0691F4E</sourceEntity>
<targetCardinalityString>*</targetCardinalityString>
<targetEntity>B874B9E0-0A3F-38D6-D3A2-D21077CDE720</targetEntity>
<transferable>true</transferable>
<deleteRule>NO ACTION</deleteRule>
</Relation>