<?xml version = '1.0' encoding = 'UTF-8'?>
<Relation class="oracle.dbtools.crest.model.design.logical.Relation" name="Relation_10" directorySegmentName="seg_0" id="B753C564-7E5C-2186-FC8F-2AE060091A2D">
<createdBy>logonrmlocal</createdBy>
<createdTime>2022-05-13 14:34:22 UTC</createdTime>
<ownerDesignName>Alunos_Cursos</ownerDesignName>
<engineerTo>
<item key="70CA3B34-4689-4DFA-E26D-47E2F708C369" value="true"/>
</engineerTo>
<sourcePk>BAC564E3-8054-AC5B-4C6C-6DE8D56E908D</sourcePk>
<identifying>true</identifying>
<optionalSource>true</optionalSource>
<optionalTarget>false</optionalTarget>
<sourceCardinality>1</sourceCardinality>
<sourceEntity>15E9064E-F44F-FBFC-EA4F-B6C1A0691F4E</sourceEntity>
<targetCardinalityString>*</targetCardinalityString>
<targetEntity>72817E6F-CE25-B8EC-DFB0-2C57DC12EEF0</targetEntity>
<transferable>true</transferable>
<deleteRule>NO ACTION</deleteRule>
</Relation>