<?xml version = '1.0' encoding = 'UTF-8'?>
<Relation class="oracle.dbtools.crest.model.design.logical.Relation" name="Relation_9" directorySegmentName="seg_0" id="FE435DD1-F2C6-03B8-5FD4-4C71AED98A88">
<createdBy>logonrmlocal</createdBy>
<createdTime>2022-05-13 14:34:10 UTC</createdTime>
<ownerDesignName>Alunos_Cursos</ownerDesignName>
<engineerTo>
<item key="70CA3B34-4689-4DFA-E26D-47E2F708C369" value="true"/>
</engineerTo>
<sourcePk>B41F4F7A-5A82-81D2-6BC2-BA6DF3323EF6</sourcePk>
<identifying>true</identifying>
<optionalSource>true</optionalSource>
<optionalTarget>false</optionalTarget>
<sourceCardinality>1</sourceCardinality>
<sourceEntity>2641DD0A-58D8-441B-6536-8032BDCB8D9A</sourceEntity>
<targetCardinalityString>*</targetCardinalityString>
<targetEntity>72817E6F-CE25-B8EC-DFB0-2C57DC12EEF0</targetEntity>
<transferable>true</transferable>
<deleteRule>NO ACTION</deleteRule>
</Relation>