<?xml version = '1.0' encoding = 'UTF-8'?>
<Diagram class="oracle.dbtools.crest.swingui.relational.DPVRelational" name="Relational_1" id="F38F0C7E-B46B-D544-9B5D-2557683B375A">
<createdBy>logonrmlocal</createdBy>
<modifiedBy>logonrmlocal</modifiedBy>
<createdTime>2022-04-29 14:14:20 UTC</createdTime>
<autoRoute>false</autoRoute>
<boxInbox>true</boxInbox>
<showLegend>false</showLegend>
<showLabels>false</showLabels>
<showRelAttributes>false</showRelAttributes>
<gridEnabled>false</gridEnabled>
<showGrid>false</showGrid>
<diagramColor>-1</diagramColor>
<display>false</display>
<notation>1</notation>
<objectViews>
<OView class="oracle.dbtools.crest.swingui.relational.TVTable" oid="AEAAD3A0-AF37-7B15-BAAC-8E8574889836" otype="Table" vid="5D296B88-4E23-EE12-AAC6-51C648F83000">
<hideElementsInCurrentOnly>false</hideElementsInCurrentOnly>
<bounds x="412" y="105" width="253" height="108"/>
</OView>
<OView class="oracle.dbtools.crest.swingui.relational.TVTable" oid="F7BB0792-81B2-02E3-62CB-A12BEA215D50" otype="Table" vid="0B0D2D33-9E60-E8EB-37B4-B4125D4A2203">
<hideElementsInCurrentOnly>false</hideElementsInCurrentOnly>
<bounds x="137" y="129" width="197" height="74"/>
</OView>
</objectViews>
<connectors>
<Connector class="oracle.dbtools.crest.swingui.relational.TVFKRelation" oid="70E18A5E-A885-8AFE-E10A-376DF59A5FA2" otype="FKIndexAssociation" vid_source="0B0D2D33-9E60-E8EB-37B4-B4125D4A2203" vid_target="5D296B88-4E23-EE12-AAC6-51C648F83000">
<hideElementsInCurrentOnly>false</hideElementsInCurrentOnly>
<backgroundColor>-16777216</backgroundColor>
<lineWidth>1</lineWidth>
<points>
<point x="334" y="166"/>
<point x="412" y="166"/>
</points>
</Connector>
</connectors>
</Diagram>