<?xml version = '1.0' encoding = 'UTF-8'?>
<FKIndexAssociation class="oracle.dbtools.crest.model.design.relational.FKIndexAssociation" directorySegmentName="seg_0" id="3BC0ACA2-49A2-4F3D-32BE-7B81DECF9103" containerWithKeyObject="DDD6EC69-A4D5-DB0D-FCEE-33904E2329B9" localFKIndex="01049111-EF07-6725-8DA8-DB8785C5BF59" name="MATRICULAS_CURSOS_FK">
<createdBy>logonrmlocal</createdBy>
<createdTime>2022-05-06 13:55:56 UTC</createdTime>
<generatorID>635EE82D-5B15-C72C-1583-C29D11888815</generatorID>
<ownerDesignName>Alunos</ownerDesignName>
<referredTableLongName>CURSOS</referredTableLongName>
<deleteRule>NO ACTION</deleteRule>
<referredTableID>2C090B9A-6AD7-73D8-3FFF-55F0854AEDF7</referredTableID>
<keyObject>C5B8CCD8-4B68-348C-2924-9C71953B42AE</keyObject>
<referredKeyID>C5B8CCD8-4B68-348C-2924-9C71953B42AE</referredKeyID>
<mandatory>true</mandatory>
<refColNames>COD_CURSOS</refColNames>
<transferable>true</transferable>
<rely>false</rely>
<columnDependencyConstraintGenerateInDDL>true</columnDependencyConstraintGenerateInDDL>
</FKIndexAssociation>