<?xml version = '1.0' encoding = 'UTF-8'?>
<FKIndexAssociation class="oracle.dbtools.crest.model.design.relational.FKIndexAssociation" directorySegmentName="seg_0" id="64F560E7-0A7B-046E-14F4-FE28CE6B5966" containerWithKeyObject="CC210EAA-8853-CB0D-8420-DF47FBB5E839" localFKIndex="B762F585-B904-721F-ACC0-1144EC2966FC" name="Relation_1v1_ALUNOSv1_FK">
<createdBy>logonrmlocal</createdBy>
<createdTime>2022-05-06 13:55:56 UTC</createdTime>
<generatorID>FA34A5A5-EDA7-2F62-03EF-1931365CBEF2</generatorID>
<ownerDesignName>Alunos</ownerDesignName>
<referredTableLongName>ALUNOSv1</referredTableLongName>
<deleteRule>NO ACTION</deleteRule>
<referredTableID>821B8AB4-4D0D-6279-E5DC-F9D2D533E552</referredTableID>
<keyObject>EB4F7534-F17D-0E23-430A-83DE495AAB03</keyObject>
<referredKeyID>EB4F7534-F17D-0E23-430A-83DE495AAB03</referredKeyID>
<mandatory>true</mandatory>
<refColNames>COD_ALUNOS</refColNames>
<transferable>true</transferable>
<rely>false</rely>
<columnDependencyConstraintGenerateInDDL>true</columnDependencyConstraintGenerateInDDL>
</FKIndexAssociation>