<?xml version = '1.0' encoding = 'UTF-8'?>
<FKIndexAssociation class="oracle.dbtools.crest.model.design.relational.FKIndexAssociation" directorySegmentName="seg_0" id="973182E5-F3A4-0E09-8265-CAA5E0AA94B5" containerWithKeyObject="DDD6EC69-A4D5-DB0D-FCEE-33904E2329B9" localFKIndex="5A26ADE7-B9CD-481A-8EB8-B42F70827B94" name="MATRICULAS_ALUNOS_FK">
<createdBy>logonrmlocal</createdBy>
<createdTime>2022-05-06 13:55:56 UTC</createdTime>
<generatorID>0DB78D22-0746-F5EF-13C9-A8937BF839AA</generatorID>
<ownerDesignName>Alunos</ownerDesignName>
<referredTableLongName>ALUNOS</referredTableLongName>
<deleteRule>NO ACTION</deleteRule>
<referredTableID>3B330ED7-7E36-941A-84AF-82EE3E6DDD9C</referredTableID>
<keyObject>34100F7F-D8AB-8E9F-9112-4FCEBEA1BF56</keyObject>
<referredKeyID>34100F7F-D8AB-8E9F-9112-4FCEBEA1BF56</referredKeyID>
<mandatory>true</mandatory>
<refColNames>COD_ALUNOS</refColNames>
<transferable>true</transferable>
<rely>false</rely>
<columnDependencyConstraintGenerateInDDL>true</columnDependencyConstraintGenerateInDDL>
</FKIndexAssociation>