<?xml version = '1.0' encoding = 'UTF-8'?>
<FKIndexAssociation class="oracle.dbtools.crest.model.design.relational.FKIndexAssociation" directorySegmentName="seg_0" id="DD30F8FE-096A-93D4-905A-572366B9E266" containerWithKeyObject="CC210EAA-8853-CB0D-8420-DF47FBB5E839" localFKIndex="4EFDD9D1-9A03-A19F-9D2A-5211E3843BF5" name="Relation_1v1_CURSOSv1_FK">
<createdBy>logonrmlocal</createdBy>
<createdTime>2022-05-06 13:55:56 UTC</createdTime>
<generatorID>FA34A5A5-EDA7-2F62-03EF-1931365CBEF2</generatorID>
<ownerDesignName>Alunos</ownerDesignName>
<referredTableLongName>CURSOSv1</referredTableLongName>
<deleteRule>NO ACTION</deleteRule>
<referredTableID>B1A8A451-E290-D776-29F1-D56777DDA4C2</referredTableID>
<keyObject>3B8A27F8-4AEC-3921-E36D-D312DFF3C1FB</keyObject>
<referredKeyID>3B8A27F8-4AEC-3921-E36D-D312DFF3C1FB</referredKeyID>
<mandatory>true</mandatory>
<refColNames>COD_CURSOS</refColNames>
<transferable>true</transferable>
<rely>false</rely>
<columnDependencyConstraintGenerateInDDL>true</columnDependencyConstraintGenerateInDDL>
</FKIndexAssociation>