<?xml version = '1.0' encoding = 'UTF-8'?>
<Entity class="oracle.dbtools.crest.model.design.logical.Entity" directorySegmentName="seg_0" id="1AE83A29-ACFA-03E4-33B0-3DAB86ABB7B7" name="CONTA">
<createdBy>logonrmlocal</createdBy>
<createdTime>2022-04-29 14:09:38 UTC</createdTime>
<ownerDesignName>BANCOS</ownerDesignName>
<engineerTo>
<item key="BF77A450-546E-5877-165F-1EE17A5645C4" value="true"/>
</engineerTo>
<adequatelyNormalized>NO</adequatelyNormalized>
<expectedVolumes>0</expectedVolumes>
<fwdEngineeringStrategyName>Single Table</fwdEngineeringStrategyName>
<growthPercent>0</growthPercent>
<growthType>Year</growthType>
<maxVolumes>9999999</maxVolumes>
<minVolumes>0</minVolumes>
<normalForm>Third</normalForm>
<attributes itemClass="oracle.dbtools.crest.model.design.logical.Attribute">
<Attribute name="NR_CONTA" id="F5BFCDE3-1A27-213C-958E-2E3D9C586A8D">
<createdBy>logonrmlocal</createdBy>
<createdTime>2022-04-29 14:09:45 UTC</createdTime>
<ownerDesignName>BANCOS</ownerDesignName>
<engineerTo>
<item key="BF77A450-546E-5877-165F-1EE17A5645C4" value="true"/>
</engineerTo>
<useDomainConstraints>false</useDomainConstraints>
<use>1</use>
<logicalDatatype>LOGDT019</logicalDatatype>
<dataTypePrecision>5</dataTypePrecision>
<ownDataTypeParameters>,5,</ownDataTypeParameters>
</Attribute>
<Attribute name="DATA_DE_ABERTURA" id="E8CF1C02-C0F6-0D7E-EA26-4BA125276DE7">
<createdBy>logonrmlocal</createdBy>
<createdTime>2022-04-29 14:10:31 UTC</createdTime>
<ownerDesignName>BANCOS</ownerDesignName>
<engineerTo>
<item key="BF77A450-546E-5877-165F-1EE17A5645C4" value="true"/>
</engineerTo>
<useDomainConstraints>false</useDomainConstraints>
<use>1</use>
<logicalDatatype>LOGDT007</logicalDatatype>
<ownDataTypeParameters>,,</ownDataTypeParameters>
</Attribute>
<Attribute name="NR_BANCO" id="B83E0DE3-E751-190C-7908-8454F90A0AF4">
<createdBy>logonrmlocal</createdBy>
<createdTime>2022-04-29 14:21:53 UTC</createdTime>
<generatorID>67CBE3D3-B63E-8588-7BA9-7B4B89EF5F53</generatorID>
<ownerDesignName>BANCOS</ownerDesignName>
<engineerTo>
<item key="BF77A450-546E-5877-165F-1EE17A5645C4" value="true"/>
</engineerTo>
<referedAttribute>03304185-7E57-64F2-AF5C-42A187F83F5D</referedAttribute>
<useDomainConstraints>false</useDomainConstraints>
<use>1</use>
<logicalDatatype>LOGDT019</logicalDatatype>
<dataTypePrecision>5</dataTypePrecision>
<ownDataTypeParameters>,,</ownDataTypeParameters>
</Attribute>
</attributes>
<identifiers itemClass="oracle.dbtools.crest.model.design.logical.CandidateKey">
<identifier id="166DA1D2-ED1A-6EA6-38C4-9B5B3BFC4213" name="CONTA PK">
<createdBy>logonrmlocal</createdBy>
<createdTime>2022-04-29 14:10:30 UTC</createdTime>
<ownerDesignName>BANCOS</ownerDesignName>
<engineerTo>
<item key="BF77A450-546E-5877-165F-1EE17A5645C4" value="true"/>
</engineerTo>
<pk>true</pk>
<usedAttributes>
<attributeRef>F5BFCDE3-1A27-213C-958E-2E3D9C586A8D</attributeRef>
<attributeRef>B83E0DE3-E751-190C-7908-8454F90A0AF4</attributeRef>
</usedAttributes>
</identifier>
</identifiers>
</Entity>