<?xml version = '1.0' encoding = 'UTF-8'?>
<Entity class="oracle.dbtools.crest.model.design.logical.Entity" directorySegmentName="seg_0" id="407AFADE-5250-CA43-7AA2-D285D23C6460" name="BANCOS">
<createdBy>logonrmlocal</createdBy>
<createdTime>2022-04-29 14:07:06 UTC</createdTime>
<ownerDesignName>BANCOS</ownerDesignName>
<engineerTo>
<item key="BF77A450-546E-5877-165F-1EE17A5645C4" value="true"/>
</engineerTo>
<adequatelyNormalized>NO</adequatelyNormalized>
<expectedVolumes>0</expectedVolumes>
<fwdEngineeringStrategyName>Single Table</fwdEngineeringStrategyName>
<growthPercent>0</growthPercent>
<growthType>Year</growthType>
<maxVolumes>9999999</maxVolumes>
<minVolumes>0</minVolumes>
<normalForm>Third</normalForm>
<attributes itemClass="oracle.dbtools.crest.model.design.logical.Attribute">
<Attribute name="NR_BANCO" id="03304185-7E57-64F2-AF5C-42A187F83F5D">
<createdBy>logonrmlocal</createdBy>
<createdTime>2022-04-29 14:07:13 UTC</createdTime>
<ownerDesignName>BANCOS</ownerDesignName>
<engineerTo>
<item key="BF77A450-546E-5877-165F-1EE17A5645C4" value="true"/>
</engineerTo>
<useDomainConstraints>false</useDomainConstraints>
<use>1</use>
<logicalDatatype>LOGDT019</logicalDatatype>
<dataTypePrecision>5</dataTypePrecision>
<ownDataTypeParameters>,5,</ownDataTypeParameters>
</Attribute>
<Attribute name="NOME" id="80745044-32E2-18EC-BE36-CC22E45CDEA1">
<createdBy>logonrmlocal</createdBy>
<createdTime>2022-04-29 14:07:29 UTC</createdTime>
<ownerDesignName>BANCOS</ownerDesignName>
<engineerTo>
<item key="BF77A450-546E-5877-165F-1EE17A5645C4" value="true"/>
</engineerTo>
<useDomainConstraints>false</useDomainConstraints>
<use>1</use>
<logicalDatatype>LOGDT024</logicalDatatype>
<dataTypeSize>100</dataTypeSize>
<ownDataTypeParameters>100,,</ownDataTypeParameters>
</Attribute>
</attributes>
<identifiers itemClass="oracle.dbtools.crest.model.design.logical.CandidateKey">
<identifier id="9058C066-5E1D-DF98-3533-9DA1BE316D41" name="BANCOS PK">
<createdBy>logonrmlocal</createdBy>
<createdTime>2022-04-29 14:07:28 UTC</createdTime>
<ownerDesignName>BANCOS</ownerDesignName>
<engineerTo>
<item key="BF77A450-546E-5877-165F-1EE17A5645C4" value="true"/>
</engineerTo>
<pk>true</pk>
<usedAttributes>
<attributeRef>03304185-7E57-64F2-AF5C-42A187F83F5D</attributeRef>
</usedAttributes>
</identifier>
</identifiers>
</Entity>