<?xml version = '1.0' encoding = 'UTF-8'?>
<Diagram class="oracle.dbtools.crest.swingui.logical.DPVLogical" name="Logical" id="3C12CBA0-2BAC-F6C9-D112-4DBC316C4836">
<createdBy>logonrmlocal</createdBy>
<modifiedBy>logonrmlocal</modifiedBy>
<createdTime>2022-04-01 14:32:27 UTC</createdTime>
<autoRoute>false</autoRoute>
<boxInbox>true</boxInbox>
<showLegend>false</showLegend>
<showLabels>false</showLabels>
<showRelAttributes>false</showRelAttributes>
<gridEnabled>false</gridEnabled>
<showGrid>false</showGrid>
<diagramColor>-1</diagramColor>
<display>false</display>
<notation>1</notation>
<objectViews>
<OView class="oracle.dbtools.crest.swingui.logical.TVEntity" oid="4FB1310B-5901-195B-0092-8CB9CBB9A98E" otype="Entity" vid="866D0711-5468-DF63-BFD5-00E4F8BA5A9E">
<hideElementsInCurrentOnly>false</hideElementsInCurrentOnly>
<bounds x="381" y="58" width="162" height="68"/>
</OView>
<OView class="oracle.dbtools.crest.swingui.logical.TVEntity" oid="8FDCB93F-9190-33B1-8E6F-338C6ECC0570" otype="Entity" vid="AF4E5C76-AAFC-53EF-BA43-C516F86A2A9A">
<hideElementsInCurrentOnly>false</hideElementsInCurrentOnly>
<bounds x="662" y="210" width="135" height="54"/>
</OView>
<OView class="oracle.dbtools.crest.swingui.logical.TVEntity" oid="8FED5F41-5B36-9F19-46D8-62FD74871CFD" otype="Entity" vid="380082F6-4628-D634-47AB-026E8868C35C">
<hideElementsInCurrentOnly>false</hideElementsInCurrentOnly>
<bounds x="657" y="69" width="132" height="54"/>
</OView>
<OView class="oracle.dbtools.crest.swingui.logical.TVEntity" oid="D6038B4D-52A3-FF1D-2E80-86A6F84FC976" otype="Entity" vid="FD2A0F1D-5880-6867-A1D8-077991471912">
<hideElementsInCurrentOnly>false</hideElementsInCurrentOnly>
<bounds x="119" y="53" width="160" height="82"/>
</OView>
</objectViews>
<connectors>
<Connector class="oracle.dbtools.crest.swingui.logical.TVRelation" oid="96E9EB39-3B6A-61F2-585E-B2E16C5F643C" otype="Relation" vid_source="866D0711-5468-DF63-BFD5-00E4F8BA5A9E" vid_target="380082F6-4628-D634-47AB-026E8868C35C">
<hideElementsInCurrentOnly>false</hideElementsInCurrentOnly>
<backgroundColor>-16777216</backgroundColor>
<lineWidth>1</lineWidth>
<points>
<point x="543" y="81"/>
<point x="657" y="81"/>
</points>
</Connector>
<Connector class="oracle.dbtools.crest.swingui.logical.TVRelation" oid="A3E9FFE9-1294-E0FF-E6E9-846E3CC13355" otype="Relation" vid_source="380082F6-4628-D634-47AB-026E8868C35C" vid_target="AF4E5C76-AAFC-53EF-BA43-C516F86A2A9A">
<hideElementsInCurrentOnly>false</hideElementsInCurrentOnly>
<backgroundColor>-16777216</backgroundColor>
<lineWidth>1</lineWidth>
<points>
<point x="740" y="123"/>
<point x="740" y="210"/>
</points>
</Connector>
<Connector class="oracle.dbtools.crest.swingui.logical.TVRelation" oid="BCC6411C-ED70-E8ED-00D6-54270EAFCBAE" otype="Relation" vid_source="FD2A0F1D-5880-6867-A1D8-077991471912" vid_target="866D0711-5468-DF63-BFD5-00E4F8BA5A9E">
<hideElementsInCurrentOnly>false</hideElementsInCurrentOnly>
<backgroundColor>-16777216</backgroundColor>
<lineWidth>1</lineWidth>
<points>
<point x="279" y="92"/>
<point x="381" y="92"/>
</points>
</Connector>
</connectors>
</Diagram>