<?xml version = '1.0' encoding = 'UTF-8'?>
<Diagram class="oracle.dbtools.crest.swingui.logical.DPVLogical" name="Logical" id="9DC42B64-97A9-AD33-909B-6CB042018716">
<createdBy>logonrmlocal</createdBy>
<modifiedBy>logonrmlocal</modifiedBy>
<createdTime>2022-04-29 14:07:06 UTC</createdTime>
<autoRoute>false</autoRoute>
<boxInbox>true</boxInbox>
<showLegend>false</showLegend>
<showLabels>false</showLabels>
<showRelAttributes>false</showRelAttributes>
<gridEnabled>false</gridEnabled>
<showGrid>false</showGrid>
<diagramColor>-1</diagramColor>
<display>false</display>
<notation>1</notation>
<objectViews>
<OView class="oracle.dbtools.crest.swingui.logical.TVEntity" oid="1AE83A29-ACFA-03E4-33B0-3DAB86ABB7B7" otype="Entity" vid="7F587E2A-EE7F-77F4-3981-FD32BFA4AECA">
<hideElementsInCurrentOnly>false</hideElementsInCurrentOnly>
<bounds x="394" y="130" width="167" height="54"/>
</OView>
<OView class="oracle.dbtools.crest.swingui.logical.TVEntity" oid="407AFADE-5250-CA43-7AA2-D285D23C6460" otype="Entity" vid="D04F65E4-910C-B41D-10CF-7FB131F906C5">
<hideElementsInCurrentOnly>false</hideElementsInCurrentOnly>
<bounds x="156" y="130" width="113" height="54"/>
</OView>
</objectViews>
<connectors>
<Connector class="oracle.dbtools.crest.swingui.logical.TVRelation" oid="67CBE3D3-B63E-8588-7BA9-7B4B89EF5F53" otype="Relation" vid_source="D04F65E4-910C-B41D-10CF-7FB131F906C5" vid_target="7F587E2A-EE7F-77F4-3981-FD32BFA4AECA">
<hideElementsInCurrentOnly>false</hideElementsInCurrentOnly>
<backgroundColor>-16777216</backgroundColor>
<lineWidth>1</lineWidth>
<points>
<point x="269" y="157"/>
<point x="394" y="157"/>
</points>
</Connector>
</connectors>
</Diagram>