<?xml version = '1.0' encoding = 'UTF-8'?>
<Relation class="oracle.dbtools.crest.model.design.logical.Relation" name="Relation_2" directorySegmentName="seg_0" id="67CBE3D3-B63E-8588-7BA9-7B4B89EF5F53">
<createdBy>logonrmlocal</createdBy>
<createdTime>2022-04-29 14:21:53 UTC</createdTime>
<ownerDesignName>BANCOS</ownerDesignName>
<engineerTo>
<item key="BF77A450-546E-5877-165F-1EE17A5645C4" value="true"/>
</engineerTo>
<sourcePk>9058C066-5E1D-DF98-3533-9DA1BE316D41</sourcePk>
<identifying>true</identifying>
<optionalSource>true</optionalSource>
<optionalTarget>false</optionalTarget>
<sourceCardinality>1</sourceCardinality>
<sourceEntity>407AFADE-5250-CA43-7AA2-D285D23C6460</sourceEntity>
<targetCardinalityString>*</targetCardinalityString>
<targetEntity>1AE83A29-ACFA-03E4-33B0-3DAB86ABB7B7</targetEntity>
<transferable>true</transferable>
<deleteRule>NO ACTION</deleteRule>
</Relation>