<?xml version = '1.0' encoding = 'UTF-8'?>
<Relation class="oracle.dbtools.crest.model.design.logical.Relation" name="Relation_5" directorySegmentName="seg_0" id="0DB78D22-0746-F5EF-13C9-A8937BF839AA">
<createdBy>logonrmlocal</createdBy>
<createdTime>2022-05-06 13:51:08 UTC</createdTime>
<ownerDesignName>Alunos</ownerDesignName>
<engineerTo>
<item key="3AB8CE9B-D21F-CD39-748D-07A1E99A1430" value="true"/>
</engineerTo>
<sourcePk>65C0CB17-5C50-07EA-6764-405A217E11EE</sourcePk>
<identifying>true</identifying>
<optionalSource>true</optionalSource>
<optionalTarget>false</optionalTarget>
<sourceCardinality>1</sourceCardinality>
<sourceEntity>1AE6D758-D9CA-55A9-0939-F30BD3F348D8</sourceEntity>
<targetCardinalityString>*</targetCardinalityString>
<targetEntity>79601A0A-29B4-A7B3-205D-A535EDF43C0A</targetEntity>
<transferable>true</transferable>
<deleteRule>NO ACTION</deleteRule>
</Relation>