<?xml version = '1.0' encoding = 'UTF-8'?>
<Relation class="oracle.dbtools.crest.model.design.logical.Relation" name="Relation_6" directorySegmentName="seg_0" id="635EE82D-5B15-C72C-1583-C29D11888815">
<createdBy>logonrmlocal</createdBy>
<createdTime>2022-05-06 13:51:13 UTC</createdTime>
<ownerDesignName>Alunos</ownerDesignName>
<engineerTo>
<item key="3AB8CE9B-D21F-CD39-748D-07A1E99A1430" value="true"/>
</engineerTo>
<sourcePk>AF0404C3-1DB0-7A77-9D71-4FB92E56B503</sourcePk>
<identifying>true</identifying>
<optionalSource>true</optionalSource>
<optionalTarget>false</optionalTarget>
<sourceCardinality>1</sourceCardinality>
<sourceEntity>B231E9D0-8ABB-7EAC-DE60-99C6B556923A</sourceEntity>
<targetCardinalityString>*</targetCardinalityString>
<targetEntity>79601A0A-29B4-A7B3-205D-A535EDF43C0A</targetEntity>
<transferable>true</transferable>
<deleteRule>NO ACTION</deleteRule>
</Relation>