<?xml version = '1.0' encoding = 'UTF-8'?>
<Relation class="oracle.dbtools.crest.model.design.logical.Relation" name="Relation_1v1" directorySegmentName="seg_0" id="FA34A5A5-EDA7-2F62-03EF-1931365CBEF2">
<createdBy>logonrmlocal</createdBy>
<createdTime>2022-05-06 13:36:25 UTC</createdTime>
<ownerDesignName>Alunos</ownerDesignName>
<engineerTo>
<item key="3AB8CE9B-D21F-CD39-748D-07A1E99A1430" value="true"/>
</engineerTo>
<identifying>false</identifying>
<optionalSource>true</optionalSource>
<optionalTarget>true</optionalTarget>
<sourceCardinality>*</sourceCardinality>
<sourceEntity>674C42F7-E510-2D24-2FB3-F626C20CAAC0</sourceEntity>
<targetCardinalityString>*</targetCardinalityString>
<targetEntity>D1C61252-8341-AE86-7258-9FABA3D6E22D</targetEntity>
<transferable>true</transferable>
<deleteRule>NO ACTION</deleteRule>
</Relation>