<?xml version = '1.0' encoding = 'UTF-8'?>
<Relation class="oracle.dbtools.crest.model.design.logical.Relation" name="Relation_8" directorySegmentName="seg_0" id="96E9EB39-3B6A-61F2-585E-B2E16C5F643C">
<createdBy>logonrmlocal</createdBy>
<createdTime>2022-04-08 14:53:49 UTC</createdTime>
<ownerDesignName>LIVROS</ownerDesignName>
<engineerTo>
<item key="F90B14D0-E443-96BD-E1F3-59DF7B40470E" value="true"/>
</engineerTo>
<sourcePk>A764118D-2A3A-4456-72A7-C62A257053FE</sourcePk>
<targetPk>EF7D4791-6A46-C380-80A3-22772E472A89</targetPk>
<identifying>false</identifying>
<optionalSource>false</optionalSource>
<optionalTarget>true</optionalTarget>
<sourceCardinality>*</sourceCardinality>
<sourceEntity>4FB1310B-5901-195B-0092-8CB9CBB9A98E</sourceEntity>
<targetCardinalityString>1</targetCardinalityString>
<targetEntity>8FED5F41-5B36-9F19-46D8-62FD74871CFD</targetEntity>
<transferable>true</transferable>
<deleteRule>NO ACTION</deleteRule>
</Relation>