<?xml version = '1.0' encoding = 'UTF-8'?>
<Relation class="oracle.dbtools.crest.model.design.logical.Relation" name="Relation_7" directorySegmentName="seg_0" id="A3E9FFE9-1294-E0FF-E6E9-846E3CC13355">
<createdBy>logonrmlocal</createdBy>
<createdTime>2022-04-08 14:53:19 UTC</createdTime>
<ownerDesignName>LIVROS</ownerDesignName>
<engineerTo>
<item key="F90B14D0-E443-96BD-E1F3-59DF7B40470E" value="true"/>
</engineerTo>
<identifying>false</identifying>
<optionalSource>false</optionalSource>
<optionalTarget>false</optionalTarget>
<sourceCardinality>*</sourceCardinality>
<sourceEntity>8FED5F41-5B36-9F19-46D8-62FD74871CFD</sourceEntity>
<targetCardinalityString>*</targetCardinalityString>
<targetEntity>8FDCB93F-9190-33B1-8E6F-338C6ECC0570</targetEntity>
<transferable>true</transferable>
<deleteRule>NO ACTION</deleteRule>
</Relation>