<?xml version = '1.0' encoding = 'UTF-8'?>
<Relation class="oracle.dbtools.crest.model.design.logical.Relation" name="Relation_5" directorySegmentName="seg_0" id="BCC6411C-ED70-E8ED-00D6-54270EAFCBAE">
<createdBy>logonrmlocal</createdBy>
<createdTime>2022-04-08 14:52:43 UTC</createdTime>
<ownerDesignName>LIVROS</ownerDesignName>
<engineerTo>
<item key="F90B14D0-E443-96BD-E1F3-59DF7B40470E" value="true"/>
</engineerTo>
<sourcePk>FC01FECE-2FB1-F9F5-2CCF-C78B98E353DA</sourcePk>
<identifying>false</identifying>
<optionalSource>true</optionalSource>
<optionalTarget>false</optionalTarget>
<sourceCardinality>1</sourceCardinality>
<sourceEntity>D6038B4D-52A3-FF1D-2E80-86A6F84FC976</sourceEntity>
<targetCardinalityString>*</targetCardinalityString>
<targetEntity>4FB1310B-5901-195B-0092-8CB9CBB9A98E</targetEntity>
<transferable>true</transferable>
<deleteRule>NO ACTION</deleteRule>
</Relation>